GeneName_A	GeneName_B	SRA	adj_p-value	Control_SRA	Treatment	Tissue	Cell	Complex_A	Core_or_Variant_A	DBD_B	TF_assessment_B	Binding_mode_B
CBP	ARNT	SRR9063866	0.00079	NONE	UT	peripheral blood	macrophages	CBP	NA	bHLH	Known motif	Monomer or homomultimer
CBP	ARNT	SRR9063863	4.4e-05	NONE	IFNg_LPS	peripheral blood	macrophages	CBP	NA	bHLH	Known motif	Monomer or homomultimer
CBP	ARNT	SRR9063864	1.4e-11	NONE	IFNg	peripheral blood	macrophages	CBP	NA	bHLH	Known motif	Monomer or homomultimer
CBP	ARNTL	SRR9063865	1.4e-07	NONE	LPS	peripheral blood	macrophages	CBP	NA	bHLH	Known motif	Monomer or homomultimer
CBP	ARNTL	SRR9063863	9.9e-33	NONE	IFNg_LPS	peripheral blood	macrophages	CBP	NA	bHLH	Known motif	Monomer or homomultimer
CBP	ARNTL	SRR9063866	1.6e-07	NONE	UT	peripheral blood	macrophages	CBP	NA	bHLH	Known motif	Monomer or homomultimer
CBP	ARNTL	SRR9063864	1.7e-43	NONE	IFNg	peripheral blood	macrophages	CBP	NA	bHLH	Known motif	Monomer or homomultimer
CBP	ASCL2	SRR9063864	0.00026	NONE	IFNg	peripheral blood	macrophages	CBP	NA	bHLH	Known motif	Monomer or homomultimer
CBP	ASCL2	SRR9063866	0.0046	NONE	UT	peripheral blood	macrophages	CBP	NA	bHLH	Known motif	Monomer or homomultimer
CBP	ATF1	SRR9063866	1.2e-20	NONE	UT	peripheral blood	macrophages	CBP	NA	bZIP	Known motif	Monomer or homomultimer
CBP	ATF1	SRR9063864	5.4e-99	NONE	IFNg	peripheral blood	macrophages	CBP	NA	bZIP	Known motif	Monomer or homomultimer
CBP	ATF1	SRR9063863	8.7e-119	NONE	IFNg_LPS	peripheral blood	macrophages	CBP	NA	bZIP	Known motif	Monomer or homomultimer
CBP	ATF1	SRR9063865	8.9e-60	NONE	LPS	peripheral blood	macrophages	CBP	NA	bZIP	Known motif	Monomer or homomultimer
CBP	ATF3	SRR9063866	1.4e-11	NONE	UT	peripheral blood	macrophages	CBP	NA	bZIP	Known motif	Monomer or homomultimer
CBP	ATF3	SRR9063863	2.6e-245	NONE	IFNg_LPS	peripheral blood	macrophages	CBP	NA	bZIP	Known motif	Monomer or homomultimer
CBP	ATF3	SRR9063865	1.3e-153	NONE	LPS	peripheral blood	macrophages	CBP	NA	bZIP	Known motif	Monomer or homomultimer
CBP	ATF3	SRR9063864	7.4e-110	NONE	IFNg	peripheral blood	macrophages	CBP	NA	bZIP	Known motif	Monomer or homomultimer
CBP	ATF4	SRR9063864	1.2e-250	NONE	IFNg	peripheral blood	macrophages	CBP	NA	bZIP	Known motif	Monomer or homomultimer
CBP	ATF4	SRR9063866	7.3e-16	NONE	UT	peripheral blood	macrophages	CBP	NA	bZIP	Known motif	Monomer or homomultimer
CBP	ATF4	SRR9063863	2e-305	NONE	IFNg_LPS	peripheral blood	macrophages	CBP	NA	bZIP	Known motif	Monomer or homomultimer
CBP	ATF4	SRR9063865	1.2e-146	NONE	LPS	peripheral blood	macrophages	CBP	NA	bZIP	Known motif	Monomer or homomultimer
CBP	ATF7	SRR9063864	1.1e-53	NONE	IFNg	peripheral blood	macrophages	CBP	NA	bZIP	Known motif	Monomer or homomultimer
CBP	ATF7	SRR9063865	9.9e-28	NONE	LPS	peripheral blood	macrophages	CBP	NA	bZIP	Known motif	Monomer or homomultimer
CBP	ATF7	SRR9063863	6.2e-87	NONE	IFNg_LPS	peripheral blood	macrophages	CBP	NA	bZIP	Known motif	Monomer or homomultimer
CBP	ATF7	SRR9063866	0.00011	NONE	UT	peripheral blood	macrophages	CBP	NA	bZIP	Known motif	Monomer or homomultimer
CBP	ATOH1	SRR9063864	0.0062	NONE	IFNg	peripheral blood	macrophages	CBP	NA	bHLH	Known motif	Monomer or homomultimer
CBP	BACH1	SRR9063866	2.1e-07	NONE	UT	peripheral blood	macrophages	CBP	NA	bZIP	Known motif	Monomer or homomultimer
CBP	BACH1	SRR9063863	1.4e-88	NONE	IFNg_LPS	peripheral blood	macrophages	CBP	NA	bZIP	Known motif	Monomer or homomultimer
CBP	BACH1	SRR9063864	3.4e-48	NONE	IFNg	peripheral blood	macrophages	CBP	NA	bZIP	Known motif	Monomer or homomultimer
CBP	BACH1	SRR9063866	2.1e-07	NONE	UT	peripheral blood	macrophages	CBP	NA	bZIP	Known motif	Monomer or homomultimer
CBP	BACH1	SRR9063865	6.8e-75	NONE	LPS	peripheral blood	macrophages	CBP	NA	bZIP	Known motif	Monomer or homomultimer
CBP	BACH1	SRR9063863	1.4e-88	NONE	IFNg_LPS	peripheral blood	macrophages	CBP	NA	bZIP	Known motif	Monomer or homomultimer
CBP	BACH1	SRR9063864	3.4e-48	NONE	IFNg	peripheral blood	macrophages	CBP	NA	bZIP	Known motif	Monomer or homomultimer
CBP	BACH1	SRR9063865	6.8e-75	NONE	LPS	peripheral blood	macrophages	CBP	NA	bZIP	Known motif	Monomer or homomultimer
CBP	BACH2	SRR9063863	1.7e-246	NONE	IFNg_LPS	peripheral blood	macrophages	CBP	NA	bZIP	Known motif	Monomer or homomultimer
CBP	BACH2	SRR9063865	3.3e-262	NONE	LPS	peripheral blood	macrophages	CBP	NA	bZIP	Known motif	Monomer or homomultimer
CBP	BACH2	SRR9063864	6.1e-92	NONE	IFNg	peripheral blood	macrophages	CBP	NA	bZIP	Known motif	Monomer or homomultimer
CBP	BACH2	SRR9063866	2.6e-12	NONE	UT	peripheral blood	macrophages	CBP	NA	bZIP	Known motif	Monomer or homomultimer
CBP	BATF	SRR9063863	0	NONE	IFNg_LPS	peripheral blood	macrophages	CBP	NA	bZIP	Known motif	Monomer or homomultimer
CBP	BATF	SRR9063864	4.4e-81	NONE	IFNg	peripheral blood	macrophages	CBP	NA	bZIP	Known motif	Monomer or homomultimer
CBP	BATF	SRR9063865	0	NONE	LPS	peripheral blood	macrophages	CBP	NA	bZIP	Known motif	Monomer or homomultimer
CBP	BATF	SRR9063866	7.8e-09	NONE	UT	peripheral blood	macrophages	CBP	NA	bZIP	Known motif	Monomer or homomultimer
CBP	BATF3	SRR9063864	2e-17	NONE	IFNg	peripheral blood	macrophages	CBP	NA	bZIP	Known motif	Monomer or homomultimer
CBP	BATF3	SRR9063863	4.4e-26	NONE	IFNg_LPS	peripheral blood	macrophages	CBP	NA	bZIP	Known motif	Monomer or homomultimer
CBP	BATF3	SRR9063865	9.4e-07	NONE	LPS	peripheral blood	macrophages	CBP	NA	bZIP	Known motif	Monomer or homomultimer
CBP	BCL6	SRR9063864	3.2e-05	NONE	IFNg	peripheral blood	macrophages	CBP	NA	C2H2 ZF	Known motif	Monomer or homomultimer
CBP	BCL6	SRR9063865	9.3e-05	NONE	LPS	peripheral blood	macrophages	CBP	NA	C2H2 ZF	Known motif	Monomer or homomultimer
CBP	BHLHA15	SRR9063864	0.0027	NONE	IFNg	peripheral blood	macrophages	CBP	NA	bHLH	Known motif	Monomer or homomultimer
CBP	BHLHE40	SRR9063863	5.9e-21	NONE	IFNg_LPS	peripheral blood	macrophages	CBP	NA	bHLH	Known motif	Monomer or homomultimer
CBP	BHLHE40	SRR9063865	1.2e-05	NONE	LPS	peripheral blood	macrophages	CBP	NA	bHLH	Known motif	Monomer or homomultimer
CBP	BHLHE40	SRR9063864	1.2e-26	NONE	IFNg	peripheral blood	macrophages	CBP	NA	bHLH	Known motif	Monomer or homomultimer
CBP	BHLHE40	SRR9063866	8.7e-08	NONE	UT	peripheral blood	macrophages	CBP	NA	bHLH	Known motif	Monomer or homomultimer
CBP	BHLHE41	SRR9063863	3.5e-30	NONE	IFNg_LPS	peripheral blood	macrophages	CBP	NA	bHLH	Known motif	Monomer or homomultimer
CBP	BHLHE41	SRR9063865	2.2e-09	NONE	LPS	peripheral blood	macrophages	CBP	NA	bHLH	Known motif	Monomer or homomultimer
CBP	BHLHE41	SRR9063864	4.2e-34	NONE	IFNg	peripheral blood	macrophages	CBP	NA	bHLH	Known motif	Monomer or homomultimer
CBP	BHLHE41	SRR9063866	3.6e-11	NONE	UT	peripheral blood	macrophages	CBP	NA	bHLH	Known motif	Monomer or homomultimer
CBP	BSX	SRR9063865	0.00057	NONE	LPS	peripheral blood	macrophages	CBP	NA	Homeodomain	Known motif	Monomer or homomultimer
CBP	CEBPA	SRR9063865	7.2e-05	NONE	LPS	peripheral blood	macrophages	CBP	NA	bZIP	Known motif	Monomer or homomultimer
CBP	CEBPA	SRR9063863	3e-27	NONE	IFNg_LPS	peripheral blood	macrophages	CBP	NA	bZIP	Known motif	Monomer or homomultimer
CBP	CEBPA	SRR9063863	0	NONE	IFNg_LPS	peripheral blood	macrophages	CBP	NA	bZIP	Known motif	Monomer or homomultimer
CBP	CEBPA	SRR9063866	2.7e-24	NONE	UT	peripheral blood	macrophages	CBP	NA	bZIP	Known motif	Monomer or homomultimer
CBP	CEBPA	SRR9063864	7e-21	NONE	IFNg	peripheral blood	macrophages	CBP	NA	bZIP	Known motif	Monomer or homomultimer
CBP	CEBPA	SRR9063864	0	NONE	IFNg	peripheral blood	macrophages	CBP	NA	bZIP	Known motif	Monomer or homomultimer
CBP	CEBPA	SRR9063865	4e-266	NONE	LPS	peripheral blood	macrophages	CBP	NA	bZIP	Known motif	Monomer or homomultimer
CBP	CEBPB	SRR9063864	0	NONE	IFNg	peripheral blood	macrophages	CBP	NA	bZIP	Known motif	Monomer or homomultimer
CBP	CEBPB	SRR9063865	8.5e-253	NONE	LPS	peripheral blood	macrophages	CBP	NA	bZIP	Known motif	Monomer or homomultimer
CBP	CEBPB	SRR9063866	3e-20	NONE	UT	peripheral blood	macrophages	CBP	NA	bZIP	Known motif	Monomer or homomultimer
CBP	CEBPB	SRR9063863	0	NONE	IFNg_LPS	peripheral blood	macrophages	CBP	NA	bZIP	Known motif	Monomer or homomultimer
CBP	CEBPD	SRR9063866	2.7e-19	NONE	UT	peripheral blood	macrophages	CBP	NA	bZIP	Known motif	Monomer or homomultimer
CBP	CEBPD	SRR9063864	0	NONE	IFNg	peripheral blood	macrophages	CBP	NA	bZIP	Known motif	Monomer or homomultimer
CBP	CEBPD	SRR9063865	2e-265	NONE	LPS	peripheral blood	macrophages	CBP	NA	bZIP	Known motif	Monomer or homomultimer
CBP	CEBPD	SRR9063863	0	NONE	IFNg_LPS	peripheral blood	macrophages	CBP	NA	bZIP	Known motif	Monomer or homomultimer
CBP	CEBPE	SRR9063866	6.2e-22	NONE	UT	peripheral blood	macrophages	CBP	NA	bZIP	Known motif	Monomer or homomultimer
CBP	CEBPE	SRR9063864	0	NONE	IFNg	peripheral blood	macrophages	CBP	NA	bZIP	Known motif	Monomer or homomultimer
CBP	CEBPE	SRR9063865	1.1e-246	NONE	LPS	peripheral blood	macrophages	CBP	NA	bZIP	Known motif	Monomer or homomultimer
CBP	CEBPE	SRR9063863	0	NONE	IFNg_LPS	peripheral blood	macrophages	CBP	NA	bZIP	Known motif	Monomer or homomultimer
CBP	CEBPG	SRR9063863	0	NONE	IFNg_LPS	peripheral blood	macrophages	CBP	NA	bZIP	Known motif	Monomer or homomultimer
CBP	CEBPG	SRR9063866	1.2e-22	NONE	UT	peripheral blood	macrophages	CBP	NA	bZIP	Known motif	Monomer or homomultimer
CBP	CEBPG	SRR9063864	0	NONE	IFNg	peripheral blood	macrophages	CBP	NA	bZIP	Known motif	Monomer or homomultimer
CBP	CEBPG	SRR9063865	2.1e-230	NONE	LPS	peripheral blood	macrophages	CBP	NA	bZIP	Known motif	Monomer or homomultimer
CBP	CLOCK	SRR9063864	1.5e-05	NONE	IFNg	peripheral blood	macrophages	CBP	NA	bHLH	Known motif	Monomer or homomultimer
CBP	CLOCK	SRR9063863	0.016	NONE	IFNg_LPS	peripheral blood	macrophages	CBP	NA	bHLH	Known motif	Monomer or homomultimer
CBP	CREB1	SRR9063864	2.2e-35	NONE	IFNg	peripheral blood	macrophages	CBP	NA	bZIP	Known motif	Monomer or homomultimer
CBP	CREB1	SRR9063865	8.5e-20	NONE	LPS	peripheral blood	macrophages	CBP	NA	bZIP	Known motif	Monomer or homomultimer
CBP	CREB1	SRR9063863	3.9e-62	NONE	IFNg_LPS	peripheral blood	macrophages	CBP	NA	bZIP	Known motif	Monomer or homomultimer
CBP	CREB1	SRR9063866	7.1e-07	NONE	UT	peripheral blood	macrophages	CBP	NA	bZIP	Known motif	Monomer or homomultimer
CBP	CREB3	SRR9063865	3.8e-10	NONE	LPS	peripheral blood	macrophages	CBP	NA	bZIP	Known motif	Monomer or homomultimer
CBP	CREB3	SRR9063864	3.4e-16	NONE	IFNg	peripheral blood	macrophages	CBP	NA	bZIP	Known motif	Monomer or homomultimer
CBP	CREB3	SRR9063866	2.3e-05	NONE	UT	peripheral blood	macrophages	CBP	NA	bZIP	Known motif	Monomer or homomultimer
CBP	CREB3	SRR9063863	8.2e-25	NONE	IFNg_LPS	peripheral blood	macrophages	CBP	NA	bZIP	Known motif	Monomer or homomultimer
CBP	CREB3L1	SRR9063865	2.1e-05	NONE	LPS	peripheral blood	macrophages	CBP	NA	bZIP	Known motif	Monomer or homomultimer
CBP	CREB3L1	SRR9063863	3.8e-10	NONE	IFNg_LPS	peripheral blood	macrophages	CBP	NA	bZIP	Known motif	Monomer or homomultimer
CBP	CREB3L1	SRR9063864	1.2e-06	NONE	IFNg	peripheral blood	macrophages	CBP	NA	bZIP	Known motif	Monomer or homomultimer
CBP	CREB3L2	SRR9063863	0.011	NONE	IFNg_LPS	peripheral blood	macrophages	CBP	NA	bZIP	Known motif	Monomer or homomultimer
CBP	CREB3L2	SRR9063864	1.6e-07	NONE	IFNg	peripheral blood	macrophages	CBP	NA	bZIP	Known motif	Monomer or homomultimer
CBP	CREB5	SRR9063864	2.3e-79	NONE	IFNg	peripheral blood	macrophages	CBP	NA	bZIP	Known motif	Monomer or homomultimer
CBP	CREB5	SRR9063865	8.4e-47	NONE	LPS	peripheral blood	macrophages	CBP	NA	bZIP	Known motif	Monomer or homomultimer
CBP	CREB5	SRR9063863	2.3e-127	NONE	IFNg_LPS	peripheral blood	macrophages	CBP	NA	bZIP	Known motif	Monomer or homomultimer
CBP	CREB5	SRR9063866	1.2e-09	NONE	UT	peripheral blood	macrophages	CBP	NA	bZIP	Known motif	Monomer or homomultimer
CBP	CREM	SRR9063866	8.6e-10	NONE	UT	peripheral blood	macrophages	CBP	NA	bZIP	Known motif	Monomer or homomultimer
CBP	CREM	SRR9063863	2.3e-56	NONE	IFNg_LPS	peripheral blood	macrophages	CBP	NA	bZIP	Known motif	Monomer or homomultimer
CBP	CREM	SRR9063864	6.5e-39	NONE	IFNg	peripheral blood	macrophages	CBP	NA	bZIP	Known motif	Monomer or homomultimer
CBP	CREM	SRR9063865	2.2e-22	NONE	LPS	peripheral blood	macrophages	CBP	NA	bZIP	Known motif	Monomer or homomultimer
CBP	DBP	SRR9063863	1.7e-284	NONE	IFNg_LPS	peripheral blood	macrophages	CBP	NA	bZIP	Known motif	Monomer or homomultimer
CBP	DBP	SRR9063865	6.6e-106	NONE	LPS	peripheral blood	macrophages	CBP	NA	bZIP	Known motif	Monomer or homomultimer
CBP	DBP	SRR9063866	2.7e-15	NONE	UT	peripheral blood	macrophages	CBP	NA	bZIP	Known motif	Monomer or homomultimer
CBP	DBP	SRR9063864	1.4e-206	NONE	IFNg	peripheral blood	macrophages	CBP	NA	bZIP	Known motif	Monomer or homomultimer
CBP	DDIT3	SRR9063864	7e-21	NONE	IFNg	peripheral blood	macrophages	CBP	NA	bZIP	Known motif	Obligate heteromer
CBP	DDIT3	SRR9063865	7.2e-05	NONE	LPS	peripheral blood	macrophages	CBP	NA	bZIP	Known motif	Obligate heteromer
CBP	DDIT3	SRR9063863	3e-27	NONE	IFNg_LPS	peripheral blood	macrophages	CBP	NA	bZIP	Known motif	Obligate heteromer
CBP	DLX2	SRR9063865	0.00047	NONE	LPS	peripheral blood	macrophages	CBP	NA	Homeodomain	Known motif	Monomer or homomultimer
CBP	DLX3	SRR9063865	0.00064	NONE	LPS	peripheral blood	macrophages	CBP	NA	Homeodomain	Known motif	Monomer or homomultimer
CBP	DLX4	SRR9063863	0.015	NONE	IFNg_LPS	peripheral blood	macrophages	CBP	NA	Homeodomain	Known motif	Monomer or homomultimer
CBP	DLX4	SRR9063865	0.00049	NONE	LPS	peripheral blood	macrophages	CBP	NA	Homeodomain	Known motif	Monomer or homomultimer
CBP	Dux	SRR9063865	0.0015	NONE	LPS	peripheral blood	macrophages	CBP	NA	NA	NA	NA
CBP	DUX4	SRR9063865	0.013	NONE	LPS	peripheral blood	macrophages	CBP	NA	Homeodomain	Known motif	Monomer or homomultimer
CBP	DUX4	SRR9063863	0.0019	NONE	IFNg_LPS	peripheral blood	macrophages	CBP	NA	Homeodomain	Known motif	Monomer or homomultimer
CBP	DUXA	SRR9063865	1.7e-05	NONE	LPS	peripheral blood	macrophages	CBP	NA	Homeodomain	Known motif	Monomer or homomultimer
CBP	DUXA	SRR9063863	3.1e-07	NONE	IFNg_LPS	peripheral blood	macrophages	CBP	NA	Homeodomain	Known motif	Monomer or homomultimer
CBP	E2F6	SRR9063863	0.011	NONE	IFNg_LPS	peripheral blood	macrophages	CBP	NA	E2F	Known motif	Monomer or homomultimer
CBP	EGR1	SRR9063863	8.6e-05	NONE	IFNg_LPS	peripheral blood	macrophages	CBP	NA	C2H2 ZF	Known motif	Monomer or homomultimer
CBP	EGR2	SRR9063864	0.0017	NONE	IFNg	peripheral blood	macrophages	CBP	NA	C2H2 ZF	Known motif	Monomer or homomultimer
CBP	EGR2	SRR9063863	4.7e-17	NONE	IFNg_LPS	peripheral blood	macrophages	CBP	NA	C2H2 ZF	Known motif	Monomer or homomultimer
CBP	EGR3	SRR9063864	0.0056	NONE	IFNg	peripheral blood	macrophages	CBP	NA	C2H2 ZF	Known motif	Monomer or homomultimer
CBP	EGR3	SRR9063863	5.1e-09	NONE	IFNg_LPS	peripheral blood	macrophages	CBP	NA	C2H2 ZF	Known motif	Monomer or homomultimer
CBP	EHF	SRR9063864	0	NONE	IFNg	peripheral blood	macrophages	CBP	NA	Ets	Known motif	Monomer or homomultimer
CBP	EHF	SRR9063865	3.1e-208	NONE	LPS	peripheral blood	macrophages	CBP	NA	Ets	Known motif	Monomer or homomultimer
CBP	EHF	SRR9063863	0	NONE	IFNg_LPS	peripheral blood	macrophages	CBP	NA	Ets	Known motif	Monomer or homomultimer
CBP	EHF	SRR9063866	4.3e-49	NONE	UT	peripheral blood	macrophages	CBP	NA	Ets	Known motif	Monomer or homomultimer
CBP	ELF1	SRR9063863	3.2e-254	NONE	IFNg_LPS	peripheral blood	macrophages	CBP	NA	Ets	Known motif	Monomer or homomultimer
CBP	ELF1	SRR9063865	1.1e-115	NONE	LPS	peripheral blood	macrophages	CBP	NA	Ets	Known motif	Monomer or homomultimer
CBP	ELF1	SRR9063866	6.5e-29	NONE	UT	peripheral blood	macrophages	CBP	NA	Ets	Known motif	Monomer or homomultimer
CBP	ELF1	SRR9063864	0	NONE	IFNg	peripheral blood	macrophages	CBP	NA	Ets	Known motif	Monomer or homomultimer
CBP	ELF3	SRR9063865	1.2e-128	NONE	LPS	peripheral blood	macrophages	CBP	NA	Ets; AT hook	Known motif	Monomer or homomultimer
CBP	ELF3	SRR9063863	2.2e-255	NONE	IFNg_LPS	peripheral blood	macrophages	CBP	NA	Ets; AT hook	Known motif	Monomer or homomultimer
CBP	ELF3	SRR9063864	0	NONE	IFNg	peripheral blood	macrophages	CBP	NA	Ets; AT hook	Known motif	Monomer or homomultimer
CBP	ELF3	SRR9063866	2.3e-31	NONE	UT	peripheral blood	macrophages	CBP	NA	Ets; AT hook	Known motif	Monomer or homomultimer
CBP	ELF4	SRR9063863	8.6e-308	NONE	IFNg_LPS	peripheral blood	macrophages	CBP	NA	Ets	Known motif	Monomer or homomultimer
CBP	ELF4	SRR9063866	1e-36	NONE	UT	peripheral blood	macrophages	CBP	NA	Ets	Known motif	Monomer or homomultimer
CBP	ELF4	SRR9063864	0	NONE	IFNg	peripheral blood	macrophages	CBP	NA	Ets	Known motif	Monomer or homomultimer
CBP	ELF4	SRR9063865	2.1e-140	NONE	LPS	peripheral blood	macrophages	CBP	NA	Ets	Known motif	Monomer or homomultimer
CBP	ELF5	SRR9063866	3.2e-59	NONE	UT	peripheral blood	macrophages	CBP	NA	Ets	Known motif	Monomer or homomultimer
CBP	ELF5	SRR9063864	0	NONE	IFNg	peripheral blood	macrophages	CBP	NA	Ets	Known motif	Monomer or homomultimer
CBP	ELF5	SRR9063865	7.7e-278	NONE	LPS	peripheral blood	macrophages	CBP	NA	Ets	Known motif	Monomer or homomultimer
CBP	ELF5	SRR9063863	0	NONE	IFNg_LPS	peripheral blood	macrophages	CBP	NA	Ets	Known motif	Monomer or homomultimer
CBP	ELK1	SRR9063863	1.3e-183	NONE	IFNg_LPS	peripheral blood	macrophages	CBP	NA	Ets	Known motif	Monomer or homomultimer
CBP	ELK1	SRR9063865	3.9e-67	NONE	LPS	peripheral blood	macrophages	CBP	NA	Ets	Known motif	Monomer or homomultimer
CBP	ELK1	SRR9063864	3.6e-269	NONE	IFNg	peripheral blood	macrophages	CBP	NA	Ets	Known motif	Monomer or homomultimer
CBP	ELK1	SRR9063866	1.4e-19	NONE	UT	peripheral blood	macrophages	CBP	NA	Ets	Known motif	Monomer or homomultimer
CBP	ELK3	SRR9063866	1.4e-42	NONE	UT	peripheral blood	macrophages	CBP	NA	Ets	Known motif	Monomer or homomultimer
CBP	ELK3	SRR9063864	0	NONE	IFNg	peripheral blood	macrophages	CBP	NA	Ets	Known motif	Monomer or homomultimer
CBP	ELK3	SRR9063863	0	NONE	IFNg_LPS	peripheral blood	macrophages	CBP	NA	Ets	Known motif	Monomer or homomultimer
CBP	ELK3	SRR9063865	2e-194	NONE	LPS	peripheral blood	macrophages	CBP	NA	Ets	Known motif	Monomer or homomultimer
CBP	ELK4	SRR9063865	2.5e-185	NONE	LPS	peripheral blood	macrophages	CBP	NA	Ets	Known motif	Monomer or homomultimer
CBP	ELK4	SRR9063866	1.6e-41	NONE	UT	peripheral blood	macrophages	CBP	NA	Ets	Known motif	Monomer or homomultimer
CBP	ELK4	SRR9063864	0	NONE	IFNg	peripheral blood	macrophages	CBP	NA	Ets	Known motif	Monomer or homomultimer
CBP	ELK4	SRR9063863	0	NONE	IFNg_LPS	peripheral blood	macrophages	CBP	NA	Ets	Known motif	Monomer or homomultimer
CBP	EMX1	SRR9063863	0.0022	NONE	IFNg_LPS	peripheral blood	macrophages	CBP	NA	Homeodomain	Known motif	Monomer or homomultimer
CBP	EMX1	SRR9063865	1.3e-07	NONE	LPS	peripheral blood	macrophages	CBP	NA	Homeodomain	Known motif	Monomer or homomultimer
CBP	EMX2	SRR9063865	0.0052	NONE	LPS	peripheral blood	macrophages	CBP	NA	Homeodomain	Known motif	Monomer or homomultimer
CBP	EN2	SRR9063863	2.1e-06	NONE	IFNg_LPS	peripheral blood	macrophages	CBP	NA	Homeodomain	Known motif	Monomer or homomultimer
CBP	EN2	SRR9063865	3.9e-06	NONE	LPS	peripheral blood	macrophages	CBP	NA	Homeodomain	Known motif	Monomer or homomultimer
CBP	ERF	SRR9063864	0	NONE	IFNg	peripheral blood	macrophages	CBP	NA	Ets	Known motif	Monomer or homomultimer
CBP	ERF	SRR9063863	0	NONE	IFNg_LPS	peripheral blood	macrophages	CBP	NA	Ets	Known motif	Monomer or homomultimer
CBP	ERF	SRR9063865	3.7e-173	NONE	LPS	peripheral blood	macrophages	CBP	NA	Ets	Known motif	Monomer or homomultimer
CBP	ERF	SRR9063866	1.5e-46	NONE	UT	peripheral blood	macrophages	CBP	NA	Ets	Known motif	Monomer or homomultimer
CBP	ERG	SRR9063865	6.5e-206	NONE	LPS	peripheral blood	macrophages	CBP	NA	Ets	Known motif	Monomer or homomultimer
CBP	ERG	SRR9063866	6.9e-50	NONE	UT	peripheral blood	macrophages	CBP	NA	Ets	Known motif	Monomer or homomultimer
CBP	ERG	SRR9063863	0	NONE	IFNg_LPS	peripheral blood	macrophages	CBP	NA	Ets	Known motif	Monomer or homomultimer
CBP	ERG	SRR9063864	0	NONE	IFNg	peripheral blood	macrophages	CBP	NA	Ets	Known motif	Monomer or homomultimer
CBP	ETS1	SRR9063866	3.3e-46	NONE	UT	peripheral blood	macrophages	CBP	NA	Ets	Known motif	Monomer or homomultimer
CBP	ETS1	SRR9063864	0	NONE	IFNg	peripheral blood	macrophages	CBP	NA	Ets	Known motif	Monomer or homomultimer
CBP	ETS1	SRR9063865	5.3e-191	NONE	LPS	peripheral blood	macrophages	CBP	NA	Ets	Known motif	Monomer or homomultimer
CBP	ETS1	SRR9063863	0	NONE	IFNg_LPS	peripheral blood	macrophages	CBP	NA	Ets	Known motif	Monomer or homomultimer
CBP	ETV1	SRR9063866	2.7e-51	NONE	UT	peripheral blood	macrophages	CBP	NA	Ets	Known motif	Monomer or homomultimer
CBP	ETV1	SRR9063864	0	NONE	IFNg	peripheral blood	macrophages	CBP	NA	Ets	Known motif	Monomer or homomultimer
CBP	ETV1	SRR9063863	0	NONE	IFNg_LPS	peripheral blood	macrophages	CBP	NA	Ets	Known motif	Monomer or homomultimer
CBP	ETV1	SRR9063865	4.5e-199	NONE	LPS	peripheral blood	macrophages	CBP	NA	Ets	Known motif	Monomer or homomultimer
CBP	ETV2	SRR9063865	1.2e-171	NONE	LPS	peripheral blood	macrophages	CBP	NA	Ets	Known motif	Monomer or homomultimer
CBP	ETV2	SRR9063864	0	NONE	IFNg	peripheral blood	macrophages	CBP	NA	Ets	Known motif	Monomer or homomultimer
CBP	ETV2	SRR9063863	0	NONE	IFNg_LPS	peripheral blood	macrophages	CBP	NA	Ets	Known motif	Monomer or homomultimer
CBP	ETV2	SRR9063866	9.6e-38	NONE	UT	peripheral blood	macrophages	CBP	NA	Ets	Known motif	Monomer or homomultimer
CBP	ETV3	SRR9063864	2.4e-253	NONE	IFNg	peripheral blood	macrophages	CBP	NA	Ets	Known motif	Monomer or homomultimer
CBP	ETV3	SRR9063865	1.4e-80	NONE	LPS	peripheral blood	macrophages	CBP	NA	Ets	Known motif	Monomer or homomultimer
CBP	ETV3	SRR9063863	1.8e-186	NONE	IFNg_LPS	peripheral blood	macrophages	CBP	NA	Ets	Known motif	Monomer or homomultimer
CBP	ETV3	SRR9063866	3.4e-22	NONE	UT	peripheral blood	macrophages	CBP	NA	Ets	Known motif	Monomer or homomultimer
CBP	ETV4	SRR9063865	3.5e-190	NONE	LPS	peripheral blood	macrophages	CBP	NA	Ets	Known motif	Monomer or homomultimer
CBP	ETV4	SRR9063864	0	NONE	IFNg	peripheral blood	macrophages	CBP	NA	Ets	Known motif	Monomer or homomultimer
CBP	ETV4	SRR9063863	0	NONE	IFNg_LPS	peripheral blood	macrophages	CBP	NA	Ets	Known motif	Monomer or homomultimer
CBP	ETV4	SRR9063866	5.7e-48	NONE	UT	peripheral blood	macrophages	CBP	NA	Ets	Known motif	Monomer or homomultimer
CBP	ETV5	SRR9063866	1.9e-49	NONE	UT	peripheral blood	macrophages	CBP	NA	Ets	Known motif	Monomer or homomultimer
CBP	ETV5	SRR9063864	0	NONE	IFNg	peripheral blood	macrophages	CBP	NA	Ets	Known motif	Monomer or homomultimer
CBP	ETV5	SRR9063863	0	NONE	IFNg_LPS	peripheral blood	macrophages	CBP	NA	Ets	Known motif	Monomer or homomultimer
CBP	ETV5	SRR9063865	1.8e-179	NONE	LPS	peripheral blood	macrophages	CBP	NA	Ets	Known motif	Monomer or homomultimer
CBP	ETV6	SRR9063864	0	NONE	IFNg	peripheral blood	macrophages	CBP	NA	Ets	Known motif	Monomer or homomultimer
CBP	ETV6	SRR9063863	0	NONE	IFNg_LPS	peripheral blood	macrophages	CBP	NA	Ets	Known motif	Monomer or homomultimer
CBP	ETV6	SRR9063866	2.8e-54	NONE	UT	peripheral blood	macrophages	CBP	NA	Ets	Known motif	Monomer or homomultimer
CBP	ETV6	SRR9063865	5.5e-264	NONE	LPS	peripheral blood	macrophages	CBP	NA	Ets	Known motif	Monomer or homomultimer
CBP	EVX1	SRR9063865	0.0037	NONE	LPS	peripheral blood	macrophages	CBP	NA	Homeodomain	Known motif	Monomer or homomultimer
CBP	EVX1	SRR9063863	0.0058	NONE	IFNg_LPS	peripheral blood	macrophages	CBP	NA	Homeodomain	Known motif	Monomer or homomultimer
CBP	EVX2	SRR9063863	0.00049	NONE	IFNg_LPS	peripheral blood	macrophages	CBP	NA	Homeodomain	Known motif	Monomer or homomultimer
CBP	EVX2	SRR9063865	0.0077	NONE	LPS	peripheral blood	macrophages	CBP	NA	Homeodomain	Known motif	Monomer or homomultimer
CBP	FEV	SRR9063865	1.4e-211	NONE	LPS	peripheral blood	macrophages	CBP	NA	Ets	Known motif	Monomer or homomultimer
CBP	FEV	SRR9063864	0	NONE	IFNg	peripheral blood	macrophages	CBP	NA	Ets	Known motif	Monomer or homomultimer
CBP	FEV	SRR9063866	3.2e-48	NONE	UT	peripheral blood	macrophages	CBP	NA	Ets	Known motif	Monomer or homomultimer
CBP	FEV	SRR9063863	0	NONE	IFNg_LPS	peripheral blood	macrophages	CBP	NA	Ets	Known motif	Monomer or homomultimer
CBP	FLI1	SRR9063866	1.4e-39	NONE	UT	peripheral blood	macrophages	CBP	NA	Ets	Known motif	Monomer or homomultimer
CBP	FLI1	SRR9063863	0	NONE	IFNg_LPS	peripheral blood	macrophages	CBP	NA	Ets	Known motif	Monomer or homomultimer
CBP	FLI1	SRR9063865	6e-172	NONE	LPS	peripheral blood	macrophages	CBP	NA	Ets	Known motif	Monomer or homomultimer
CBP	FLI1	SRR9063864	0	NONE	IFNg	peripheral blood	macrophages	CBP	NA	Ets	Known motif	Monomer or homomultimer
CBP	FOS	SRR9063864	3.4e-153	NONE	IFNg	peripheral blood	macrophages	CBP	NA	bZIP	Known motif	Monomer or homomultimer
CBP	FOS	SRR9063865	0	NONE	LPS	peripheral blood	macrophages	CBP	NA	bZIP	Known motif	Monomer or homomultimer
CBP	FOS	SRR9063865	0	NONE	LPS	peripheral blood	macrophages	CBP	NA	bZIP	Known motif	Monomer or homomultimer
CBP	FOS	SRR9063865	0	NONE	LPS	peripheral blood	macrophages	CBP	NA	bZIP	Known motif	Monomer or homomultimer
CBP	FOS	SRR9063866	3.3e-10	NONE	UT	peripheral blood	macrophages	CBP	NA	bZIP	Known motif	Monomer or homomultimer
CBP	FOS	SRR9063864	6e-96	NONE	IFNg	peripheral blood	macrophages	CBP	NA	bZIP	Known motif	Monomer or homomultimer
CBP	FOS	SRR9063865	4.8e-69	NONE	LPS	peripheral blood	macrophages	CBP	NA	bZIP	Known motif	Monomer or homomultimer
CBP	FOS	SRR9063864	5.9e-160	NONE	IFNg	peripheral blood	macrophages	CBP	NA	bZIP	Known motif	Monomer or homomultimer
CBP	FOS	SRR9063864	2.2e-115	NONE	IFNg	peripheral blood	macrophages	CBP	NA	bZIP	Known motif	Monomer or homomultimer
CBP	FOS	SRR9063864	1.3e-155	NONE	IFNg	peripheral blood	macrophages	CBP	NA	bZIP	Known motif	Monomer or homomultimer
CBP	FOS	SRR9063863	0	NONE	IFNg_LPS	peripheral blood	macrophages	CBP	NA	bZIP	Known motif	Monomer or homomultimer
CBP	FOS	SRR9063863	0	NONE	IFNg_LPS	peripheral blood	macrophages	CBP	NA	bZIP	Known motif	Monomer or homomultimer
CBP	FOS	SRR9063863	0	NONE	IFNg_LPS	peripheral blood	macrophages	CBP	NA	bZIP	Known motif	Monomer or homomultimer
CBP	FOS	SRR9063863	1.6e-174	NONE	IFNg_LPS	peripheral blood	macrophages	CBP	NA	bZIP	Known motif	Monomer or homomultimer
CBP	FOS	SRR9063863	0	NONE	IFNg_LPS	peripheral blood	macrophages	CBP	NA	bZIP	Known motif	Monomer or homomultimer
CBP	FOS	SRR9063866	2.5e-16	NONE	UT	peripheral blood	macrophages	CBP	NA	bZIP	Known motif	Monomer or homomultimer
CBP	FOS	SRR9063865	0	NONE	LPS	peripheral blood	macrophages	CBP	NA	bZIP	Known motif	Monomer or homomultimer
CBP	FOS	SRR9063866	7.7e-12	NONE	UT	peripheral blood	macrophages	CBP	NA	bZIP	Known motif	Monomer or homomultimer
CBP	FOS	SRR9063866	9.3e-10	NONE	UT	peripheral blood	macrophages	CBP	NA	bZIP	Known motif	Monomer or homomultimer
CBP	FOS	SRR9063866	4.3e-13	NONE	UT	peripheral blood	macrophages	CBP	NA	bZIP	Known motif	Monomer or homomultimer
CBP	FOSB	SRR9063866	4.3e-08	NONE	UT	peripheral blood	macrophages	CBP	NA	bZIP	Known motif	Monomer or homomultimer
CBP	FOSB	SRR9063864	2.3e-113	NONE	IFNg	peripheral blood	macrophages	CBP	NA	bZIP	Known motif	Monomer or homomultimer
CBP	FOSB	SRR9063863	0	NONE	IFNg_LPS	peripheral blood	macrophages	CBP	NA	bZIP	Known motif	Monomer or homomultimer
CBP	FOSB	SRR9063863	1.4e-184	NONE	IFNg_LPS	peripheral blood	macrophages	CBP	NA	bZIP	Known motif	Monomer or homomultimer
CBP	FOSB	SRR9063866	3.3e-13	NONE	UT	peripheral blood	macrophages	CBP	NA	bZIP	Known motif	Monomer or homomultimer
CBP	FOSB	SRR9063865	4.7e-81	NONE	LPS	peripheral blood	macrophages	CBP	NA	bZIP	Known motif	Monomer or homomultimer
CBP	FOSB	SRR9063864	2.9e-132	NONE	IFNg	peripheral blood	macrophages	CBP	NA	bZIP	Known motif	Monomer or homomultimer
CBP	FOSB	SRR9063865	0	NONE	LPS	peripheral blood	macrophages	CBP	NA	bZIP	Known motif	Monomer or homomultimer
CBP	FOSB	SRR9063866	3.1e-11	NONE	UT	peripheral blood	macrophages	CBP	NA	bZIP	Known motif	Monomer or homomultimer
CBP	FOSB	SRR9063864	4.7e-119	NONE	IFNg	peripheral blood	macrophages	CBP	NA	bZIP	Known motif	Monomer or homomultimer
CBP	FOSB	SRR9063865	1e-65	NONE	LPS	peripheral blood	macrophages	CBP	NA	bZIP	Known motif	Monomer or homomultimer
CBP	FOSB	SRR9063863	8e-190	NONE	IFNg_LPS	peripheral blood	macrophages	CBP	NA	bZIP	Known motif	Monomer or homomultimer
CBP	FOSL1	SRR9063866	3.2e-12	NONE	UT	peripheral blood	macrophages	CBP	NA	bZIP	Known motif	Monomer or homomultimer
CBP	FOSL1	SRR9063866	2.8e-18	NONE	UT	peripheral blood	macrophages	CBP	NA	bZIP	Known motif	Monomer or homomultimer
CBP	FOSL1	SRR9063866	1.1e-11	NONE	UT	peripheral blood	macrophages	CBP	NA	bZIP	Known motif	Monomer or homomultimer
CBP	FOSL1	SRR9063865	1.4e-87	NONE	LPS	peripheral blood	macrophages	CBP	NA	bZIP	Known motif	Monomer or homomultimer
CBP	FOSL1	SRR9063863	5.6e-197	NONE	IFNg_LPS	peripheral blood	macrophages	CBP	NA	bZIP	Known motif	Monomer or homomultimer
CBP	FOSL1	SRR9063865	0	NONE	LPS	peripheral blood	macrophages	CBP	NA	bZIP	Known motif	Monomer or homomultimer
CBP	FOSL1	SRR9063866	9.1e-14	NONE	UT	peripheral blood	macrophages	CBP	NA	bZIP	Known motif	Monomer or homomultimer
CBP	FOSL1	SRR9063863	0	NONE	IFNg_LPS	peripheral blood	macrophages	CBP	NA	bZIP	Known motif	Monomer or homomultimer
CBP	FOSL1	SRR9063865	0	NONE	LPS	peripheral blood	macrophages	CBP	NA	bZIP	Known motif	Monomer or homomultimer
CBP	FOSL1	SRR9063864	4.2e-131	NONE	IFNg	peripheral blood	macrophages	CBP	NA	bZIP	Known motif	Monomer or homomultimer
CBP	FOSL1	SRR9063863	0	NONE	IFNg_LPS	peripheral blood	macrophages	CBP	NA	bZIP	Known motif	Monomer or homomultimer
CBP	FOSL1	SRR9063863	0	NONE	IFNg_LPS	peripheral blood	macrophages	CBP	NA	bZIP	Known motif	Monomer or homomultimer
CBP	FOSL1	SRR9063864	1e-92	NONE	IFNg	peripheral blood	macrophages	CBP	NA	bZIP	Known motif	Monomer or homomultimer
CBP	FOSL1	SRR9063864	4.1e-108	NONE	IFNg	peripheral blood	macrophages	CBP	NA	bZIP	Known motif	Monomer or homomultimer
CBP	FOSL1	SRR9063865	0	NONE	LPS	peripheral blood	macrophages	CBP	NA	bZIP	Known motif	Monomer or homomultimer
CBP	FOSL1	SRR9063865	1.6e-185	NONE	LPS	peripheral blood	macrophages	CBP	NA	bZIP	Known motif	Monomer or homomultimer
CBP	FOSL1	SRR9063864	6.4e-183	NONE	IFNg	peripheral blood	macrophages	CBP	NA	bZIP	Known motif	Monomer or homomultimer
CBP	FOSL1	SRR9063863	0	NONE	IFNg_LPS	peripheral blood	macrophages	CBP	NA	bZIP	Known motif	Monomer or homomultimer
CBP	FOSL1	SRR9063863	0	NONE	IFNg_LPS	peripheral blood	macrophages	CBP	NA	bZIP	Known motif	Monomer or homomultimer
CBP	FOSL1	SRR9063865	0	NONE	LPS	peripheral blood	macrophages	CBP	NA	bZIP	Known motif	Monomer or homomultimer
CBP	FOSL1	SRR9063866	9e-13	NONE	UT	peripheral blood	macrophages	CBP	NA	bZIP	Known motif	Monomer or homomultimer
CBP	FOSL1	SRR9063864	6.7e-181	NONE	IFNg	peripheral blood	macrophages	CBP	NA	bZIP	Known motif	Monomer or homomultimer
CBP	FOSL1	SRR9063864	9.9e-141	NONE	IFNg	peripheral blood	macrophages	CBP	NA	bZIP	Known motif	Monomer or homomultimer
CBP	FOSL1	SRR9063866	1.2e-14	NONE	UT	peripheral blood	macrophages	CBP	NA	bZIP	Known motif	Monomer or homomultimer
CBP	FOSL2	SRR9063865	2.8e-60	NONE	LPS	peripheral blood	macrophages	CBP	NA	bZIP	Known motif	Monomer or homomultimer
CBP	FOSL2	SRR9063866	1.4e-05	NONE	UT	peripheral blood	macrophages	CBP	NA	bZIP	Known motif	Monomer or homomultimer
CBP	FOSL2	SRR9063863	0	NONE	IFNg_LPS	peripheral blood	macrophages	CBP	NA	bZIP	Known motif	Monomer or homomultimer
CBP	FOSL2	SRR9063866	9e-12	NONE	UT	peripheral blood	macrophages	CBP	NA	bZIP	Known motif	Monomer or homomultimer
CBP	FOSL2	SRR9063866	4.5e-12	NONE	UT	peripheral blood	macrophages	CBP	NA	bZIP	Known motif	Monomer or homomultimer
CBP	FOSL2	SRR9063866	2e-11	NONE	UT	peripheral blood	macrophages	CBP	NA	bZIP	Known motif	Monomer or homomultimer
CBP	FOSL2	SRR9063865	0	NONE	LPS	peripheral blood	macrophages	CBP	NA	bZIP	Known motif	Monomer or homomultimer
CBP	FOSL2	SRR9063865	0	NONE	LPS	peripheral blood	macrophages	CBP	NA	bZIP	Known motif	Monomer or homomultimer
CBP	FOSL2	SRR9063865	1.2e-54	NONE	LPS	peripheral blood	macrophages	CBP	NA	bZIP	Known motif	Monomer or homomultimer
CBP	FOSL2	SRR9063866	7.9e-11	NONE	UT	peripheral blood	macrophages	CBP	NA	bZIP	Known motif	Monomer or homomultimer
CBP	FOSL2	SRR9063865	3.1e-74	NONE	LPS	peripheral blood	macrophages	CBP	NA	bZIP	Known motif	Monomer or homomultimer
CBP	FOSL2	SRR9063866	2.3e-10	NONE	UT	peripheral blood	macrophages	CBP	NA	bZIP	Known motif	Monomer or homomultimer
CBP	FOSL2	SRR9063863	4.6e-167	NONE	IFNg_LPS	peripheral blood	macrophages	CBP	NA	bZIP	Known motif	Monomer or homomultimer
CBP	FOSL2	SRR9063864	2.9e-101	NONE	IFNg	peripheral blood	macrophages	CBP	NA	bZIP	Known motif	Monomer or homomultimer
CBP	FOSL2	SRR9063864	2.4e-122	NONE	IFNg	peripheral blood	macrophages	CBP	NA	bZIP	Known motif	Monomer or homomultimer
CBP	FOSL2	SRR9063864	3.5e-99	NONE	IFNg	peripheral blood	macrophages	CBP	NA	bZIP	Known motif	Monomer or homomultimer
CBP	FOSL2	SRR9063865	0	NONE	LPS	peripheral blood	macrophages	CBP	NA	bZIP	Known motif	Monomer or homomultimer
CBP	FOSL2	SRR9063864	1.9e-82	NONE	IFNg	peripheral blood	macrophages	CBP	NA	bZIP	Known motif	Monomer or homomultimer
CBP	FOSL2	SRR9063863	0	NONE	IFNg_LPS	peripheral blood	macrophages	CBP	NA	bZIP	Known motif	Monomer or homomultimer
CBP	FOSL2	SRR9063863	1e-174	NONE	IFNg_LPS	peripheral blood	macrophages	CBP	NA	bZIP	Known motif	Monomer or homomultimer
CBP	FOSL2	SRR9063864	1.6e-150	NONE	IFNg	peripheral blood	macrophages	CBP	NA	bZIP	Known motif	Monomer or homomultimer
CBP	FOSL2	SRR9063863	8.6e-207	NONE	IFNg_LPS	peripheral blood	macrophages	CBP	NA	bZIP	Known motif	Monomer or homomultimer
CBP	FOSL2	SRR9063865	0	NONE	LPS	peripheral blood	macrophages	CBP	NA	bZIP	Known motif	Monomer or homomultimer
CBP	FOSL2	SRR9063864	1.8e-140	NONE	IFNg	peripheral blood	macrophages	CBP	NA	bZIP	Known motif	Monomer or homomultimer
CBP	FOSL2	SRR9063864	3.3e-131	NONE	IFNg	peripheral blood	macrophages	CBP	NA	bZIP	Known motif	Monomer or homomultimer
CBP	FOSL2	SRR9063863	0	NONE	IFNg_LPS	peripheral blood	macrophages	CBP	NA	bZIP	Known motif	Monomer or homomultimer
CBP	FOSL2	SRR9063866	9.1e-13	NONE	UT	peripheral blood	macrophages	CBP	NA	bZIP	Known motif	Monomer or homomultimer
CBP	FOSL2	SRR9063863	0	NONE	IFNg_LPS	peripheral blood	macrophages	CBP	NA	bZIP	Known motif	Monomer or homomultimer
CBP	FOXK1	SRR9063864	0.0048	NONE	IFNg	peripheral blood	macrophages	CBP	NA	Forkhead	Known motif	Monomer or homomultimer
CBP	FOXO1	SRR9063863	1.4e-14	NONE	IFNg_LPS	peripheral blood	macrophages	CBP	NA	Forkhead	Known motif	Monomer or homomultimer
CBP	FOXO1	SRR9063865	8.5e-09	NONE	LPS	peripheral blood	macrophages	CBP	NA	Forkhead	Known motif	Monomer or homomultimer
CBP	FOXO1	SRR9063864	4.4e-19	NONE	IFNg	peripheral blood	macrophages	CBP	NA	Forkhead	Known motif	Monomer or homomultimer
CBP	FOXO1	SRR9063866	0.00057	NONE	UT	peripheral blood	macrophages	CBP	NA	Forkhead	Known motif	Monomer or homomultimer
CBP	FOXP1	SRR9063864	1.4e-06	NONE	IFNg	peripheral blood	macrophages	CBP	NA	Forkhead	Known motif	Monomer or homomultimer
CBP	FOXP1	SRR9063863	0.0063	NONE	IFNg_LPS	peripheral blood	macrophages	CBP	NA	Forkhead	Known motif	Monomer or homomultimer
CBP	FOXP1	SRR9063865	0.00093	NONE	LPS	peripheral blood	macrophages	CBP	NA	Forkhead	Known motif	Monomer or homomultimer
CBP	GABPA	SRR9063866	1.6e-49	NONE	UT	peripheral blood	macrophages	CBP	NA	Ets	Known motif	Monomer or homomultimer
CBP	GABPA	SRR9063864	0	NONE	IFNg	peripheral blood	macrophages	CBP	NA	Ets	Known motif	Monomer or homomultimer
CBP	GABPA	SRR9063863	0	NONE	IFNg_LPS	peripheral blood	macrophages	CBP	NA	Ets	Known motif	Monomer or homomultimer
CBP	GABPA	SRR9063865	3.8e-201	NONE	LPS	peripheral blood	macrophages	CBP	NA	Ets	Known motif	Monomer or homomultimer
CBP	GMEB1	SRR9063865	5e-06	NONE	LPS	peripheral blood	macrophages	CBP	NA	SAND	Known motif	Monomer or homomultimer
CBP	GMEB1	SRR9063866	4.3e-08	NONE	UT	peripheral blood	macrophages	CBP	NA	SAND	Known motif	Monomer or homomultimer
CBP	GMEB1	SRR9063864	3.4e-29	NONE	IFNg	peripheral blood	macrophages	CBP	NA	SAND	Known motif	Monomer or homomultimer
CBP	GMEB1	SRR9063863	8.6e-19	NONE	IFNg_LPS	peripheral blood	macrophages	CBP	NA	SAND	Known motif	Monomer or homomultimer
CBP	GMEB2	SRR9063866	5.7e-10	NONE	UT	peripheral blood	macrophages	CBP	NA	SAND	Known motif	Monomer or homomultimer
CBP	GMEB2	SRR9063865	1.5e-16	NONE	LPS	peripheral blood	macrophages	CBP	NA	SAND	Known motif	Monomer or homomultimer
CBP	GMEB2	SRR9063863	3.7e-45	NONE	IFNg_LPS	peripheral blood	macrophages	CBP	NA	SAND	Known motif	Monomer or homomultimer
CBP	GMEB2	SRR9063864	1.1e-38	NONE	IFNg	peripheral blood	macrophages	CBP	NA	SAND	Known motif	Monomer or homomultimer
CBP	GRHL2	SRR9063864	3.4e-09	NONE	IFNg	peripheral blood	macrophages	CBP	NA	Grainyhead	Known motif	Monomer or homomultimer
CBP	GRHL2	SRR9063863	4.6e-05	NONE	IFNg_LPS	peripheral blood	macrophages	CBP	NA	Grainyhead	Known motif	Monomer or homomultimer
CBP	HES1	SRR9063864	0.0034	NONE	IFNg	peripheral blood	macrophages	CBP	NA	bHLH	Known motif	Monomer or homomultimer
CBP	HES2	SRR9063864	0.0013	NONE	IFNg	peripheral blood	macrophages	CBP	NA	bHLH	Known motif	Monomer or homomultimer
CBP	HIF1A	SRR9063863	0.00014	NONE	IFNg_LPS	peripheral blood	macrophages	CBP	NA	bHLH	Known motif	Obligate heteromer
CBP	HIF1A	SRR9063866	0.0011	NONE	UT	peripheral blood	macrophages	CBP	NA	bHLH	Known motif	Obligate heteromer
CBP	HIF1A	SRR9063864	4.5e-10	NONE	IFNg	peripheral blood	macrophages	CBP	NA	bHLH	Known motif	Obligate heteromer
CBP	HINFP	SRR9063864	0.0056	NONE	IFNg	peripheral blood	macrophages	CBP	NA	C2H2 ZF	Known motif	Monomer or homomultimer
CBP	HLF	SRR9063863	0	NONE	IFNg_LPS	peripheral blood	macrophages	CBP	NA	bZIP	Known motif	Monomer or homomultimer
CBP	HLF	SRR9063864	3.5e-255	NONE	IFNg	peripheral blood	macrophages	CBP	NA	bZIP	Known motif	Monomer or homomultimer
CBP	HLF	SRR9063866	2.5e-16	NONE	UT	peripheral blood	macrophages	CBP	NA	bZIP	Known motif	Monomer or homomultimer
CBP	HLF	SRR9063865	1.7e-131	NONE	LPS	peripheral blood	macrophages	CBP	NA	bZIP	Known motif	Monomer or homomultimer
CBP	HMBOX1	SRR9063865	0.00099	NONE	LPS	peripheral blood	macrophages	CBP	NA	Homeodomain	Known motif	Monomer or homomultimer
CBP	HMBOX1	SRR9063863	0.0019	NONE	IFNg_LPS	peripheral blood	macrophages	CBP	NA	Homeodomain	Known motif	Monomer or homomultimer
CBP	HOXA2	SRR9063865	0.00015	NONE	LPS	peripheral blood	macrophages	CBP	NA	Homeodomain	Known motif	Monomer or homomultimer
CBP	HOXA2	SRR9063863	1.1e-05	NONE	IFNg_LPS	peripheral blood	macrophages	CBP	NA	Homeodomain	Known motif	Monomer or homomultimer
CBP	HOXA5	SRR9063863	3.9e-08	NONE	IFNg_LPS	peripheral blood	macrophages	CBP	NA	Homeodomain	Known motif	Monomer or homomultimer
CBP	HOXA5	SRR9063864	0.014	NONE	IFNg	peripheral blood	macrophages	CBP	NA	Homeodomain	Known motif	Monomer or homomultimer
CBP	HOXA5	SRR9063865	1.2e-11	NONE	LPS	peripheral blood	macrophages	CBP	NA	Homeodomain	Known motif	Monomer or homomultimer
CBP	HOXB5	SRR9063865	0.0082	NONE	LPS	peripheral blood	macrophages	CBP	NA	Homeodomain	Known motif	Monomer or homomultimer
CBP	HOXB5	SRR9063863	0.0048	NONE	IFNg_LPS	peripheral blood	macrophages	CBP	NA	Homeodomain	Known motif	Monomer or homomultimer
CBP	HOXD3	SRR9063863	0.0045	NONE	IFNg_LPS	peripheral blood	macrophages	CBP	NA	Homeodomain	Known motif	Monomer or homomultimer
CBP	HSF1	SRR9063865	0.0037	NONE	LPS	peripheral blood	macrophages	CBP	NA	HSF	Known motif	Monomer or homomultimer
CBP	HSF2	SRR9063865	0.00099	NONE	LPS	peripheral blood	macrophages	CBP	NA	HSF	Known motif	Monomer or homomultimer
CBP	HSF4	SRR9063863	1.2e-06	NONE	IFNg_LPS	peripheral blood	macrophages	CBP	NA	HSF	Known motif	Monomer or homomultimer
CBP	HSF4	SRR9063864	1.8e-06	NONE	IFNg	peripheral blood	macrophages	CBP	NA	HSF	Known motif	Monomer or homomultimer
CBP	HSF4	SRR9063865	0.00051	NONE	LPS	peripheral blood	macrophages	CBP	NA	HSF	Known motif	Monomer or homomultimer
CBP	Id2	SRR9063864	1.3e-14	NONE	IFNg	peripheral blood	macrophages	CBP	NA	NA	NA	NA
CBP	Id2	SRR9063866	0.00073	NONE	UT	peripheral blood	macrophages	CBP	NA	NA	NA	NA
CBP	Id2	SRR9063863	1.3e-06	NONE	IFNg_LPS	peripheral blood	macrophages	CBP	NA	NA	NA	NA
CBP	IRF1	SRR9063866	3.6e-26	NONE	UT	peripheral blood	macrophages	CBP	NA	IRF	Known motif	Monomer or homomultimer
CBP	IRF1	SRR9063864	0	NONE	IFNg	peripheral blood	macrophages	CBP	NA	IRF	Known motif	Monomer or homomultimer
CBP	IRF1	SRR9063863	0	NONE	IFNg_LPS	peripheral blood	macrophages	CBP	NA	IRF	Known motif	Monomer or homomultimer
CBP	IRF1	SRR9063865	7.1e-110	NONE	LPS	peripheral blood	macrophages	CBP	NA	IRF	Known motif	Monomer or homomultimer
CBP	IRF2	SRR9063865	5.6e-26	NONE	LPS	peripheral blood	macrophages	CBP	NA	IRF	Known motif	Monomer or homomultimer
CBP	IRF2	SRR9063863	4.5e-210	NONE	IFNg_LPS	peripheral blood	macrophages	CBP	NA	IRF	Known motif	Monomer or homomultimer
CBP	IRF2	SRR9063864	1.1e-151	NONE	IFNg	peripheral blood	macrophages	CBP	NA	IRF	Known motif	Monomer or homomultimer
CBP	IRF3	SRR9063866	2.4e-05	NONE	UT	peripheral blood	macrophages	CBP	NA	IRF	Known motif	Monomer or homomultimer
CBP	IRF3	SRR9063863	1.1e-304	NONE	IFNg_LPS	peripheral blood	macrophages	CBP	NA	IRF	Known motif	Monomer or homomultimer
CBP	IRF3	SRR9063864	1.2e-222	NONE	IFNg	peripheral blood	macrophages	CBP	NA	IRF	Known motif	Monomer or homomultimer
CBP	IRF3	SRR9063865	4.1e-46	NONE	LPS	peripheral blood	macrophages	CBP	NA	IRF	Known motif	Monomer or homomultimer
CBP	IRF4	SRR9063864	5.4e-131	NONE	IFNg	peripheral blood	macrophages	CBP	NA	IRF	Known motif	Monomer or homomultimer
CBP	IRF4	SRR9063863	1.8e-150	NONE	IFNg_LPS	peripheral blood	macrophages	CBP	NA	IRF	Known motif	Monomer or homomultimer
CBP	IRF4	SRR9063865	4.3e-22	NONE	LPS	peripheral blood	macrophages	CBP	NA	IRF	Known motif	Monomer or homomultimer
CBP	IRF5	SRR9063865	6.4e-14	NONE	LPS	peripheral blood	macrophages	CBP	NA	IRF	Known motif	Monomer or homomultimer
CBP	IRF5	SRR9063863	4.5e-125	NONE	IFNg_LPS	peripheral blood	macrophages	CBP	NA	IRF	Known motif	Monomer or homomultimer
CBP	IRF5	SRR9063866	2.4e-05	NONE	UT	peripheral blood	macrophages	CBP	NA	IRF	Known motif	Monomer or homomultimer
CBP	IRF5	SRR9063864	1.2e-97	NONE	IFNg	peripheral blood	macrophages	CBP	NA	IRF	Known motif	Monomer or homomultimer
CBP	IRF7	SRR9063865	5.7e-25	NONE	LPS	peripheral blood	macrophages	CBP	NA	IRF	Known motif	Monomer or homomultimer
CBP	IRF7	SRR9063863	4.8e-203	NONE	IFNg_LPS	peripheral blood	macrophages	CBP	NA	IRF	Known motif	Monomer or homomultimer
CBP	IRF7	SRR9063864	1.6e-140	NONE	IFNg	peripheral blood	macrophages	CBP	NA	IRF	Known motif	Monomer or homomultimer
CBP	IRF8	SRR9063863	7.9e-162	NONE	IFNg_LPS	peripheral blood	macrophages	CBP	NA	IRF	Known motif	Monomer or homomultimer
CBP	IRF8	SRR9063865	1.2e-24	NONE	LPS	peripheral blood	macrophages	CBP	NA	IRF	Known motif	Monomer or homomultimer
CBP	IRF8	SRR9063864	1.7e-136	NONE	IFNg	peripheral blood	macrophages	CBP	NA	IRF	Known motif	Monomer or homomultimer
CBP	IRF9	SRR9063864	6.9e-144	NONE	IFNg	peripheral blood	macrophages	CBP	NA	IRF	Known motif	Monomer or homomultimer
CBP	IRF9	SRR9063865	1.2e-24	NONE	LPS	peripheral blood	macrophages	CBP	NA	IRF	Known motif	Monomer or homomultimer
CBP	IRF9	SRR9063863	2.1e-175	NONE	IFNg_LPS	peripheral blood	macrophages	CBP	NA	IRF	Known motif	Monomer or homomultimer
CBP	JDP2	SRR9063865	7.8e-29	NONE	LPS	peripheral blood	macrophages	CBP	NA	bZIP	Known motif	Monomer or homomultimer
CBP	JDP2	SRR9063863	6.9e-103	NONE	IFNg_LPS	peripheral blood	macrophages	CBP	NA	bZIP	Known motif	Monomer or homomultimer
CBP	JDP2	SRR9063866	1.8e-09	NONE	UT	peripheral blood	macrophages	CBP	NA	bZIP	Known motif	Monomer or homomultimer
CBP	JDP2	SRR9063866	2.7e-06	NONE	UT	peripheral blood	macrophages	CBP	NA	bZIP	Known motif	Monomer or homomultimer
CBP	JDP2	SRR9063863	0	NONE	IFNg_LPS	peripheral blood	macrophages	CBP	NA	bZIP	Known motif	Monomer or homomultimer
CBP	JDP2	SRR9063865	0	NONE	LPS	peripheral blood	macrophages	CBP	NA	bZIP	Known motif	Monomer or homomultimer
CBP	JDP2	SRR9063864	1.8e-56	NONE	IFNg	peripheral blood	macrophages	CBP	NA	bZIP	Known motif	Monomer or homomultimer
CBP	JDP2	SRR9063864	7.1e-133	NONE	IFNg	peripheral blood	macrophages	CBP	NA	bZIP	Known motif	Monomer or homomultimer
CBP	JUN	SRR9063866	7.8e-09	NONE	UT	peripheral blood	macrophages	CBP	NA	bZIP	Known motif	Monomer or homomultimer
CBP	JUN	SRR9063865	0	NONE	LPS	peripheral blood	macrophages	CBP	NA	bZIP	Known motif	Monomer or homomultimer
CBP	JUN	SRR9063865	0	NONE	LPS	peripheral blood	macrophages	CBP	NA	bZIP	Known motif	Monomer or homomultimer
CBP	JUN	SRR9063866	9.1e-14	NONE	UT	peripheral blood	macrophages	CBP	NA	bZIP	Known motif	Monomer or homomultimer
CBP	JUN	SRR9063864	5e-149	NONE	IFNg	peripheral blood	macrophages	CBP	NA	bZIP	Known motif	Monomer or homomultimer
CBP	JUN	SRR9063864	2.2e-115	NONE	IFNg	peripheral blood	macrophages	CBP	NA	bZIP	Known motif	Monomer or homomultimer
CBP	JUN	SRR9063865	1e-65	NONE	LPS	peripheral blood	macrophages	CBP	NA	bZIP	Known motif	Monomer or homomultimer
CBP	JUN	SRR9063864	4.4e-81	NONE	IFNg	peripheral blood	macrophages	CBP	NA	bZIP	Known motif	Monomer or homomultimer
CBP	JUN	SRR9063864	4.5e-124	NONE	IFNg	peripheral blood	macrophages	CBP	NA	bZIP	Known motif	Monomer or homomultimer
CBP	JUN	SRR9063864	2.1e-103	NONE	IFNg	peripheral blood	macrophages	CBP	NA	bZIP	Known motif	Monomer or homomultimer
CBP	JUN	SRR9063863	1.7e-197	NONE	IFNg_LPS	peripheral blood	macrophages	CBP	NA	bZIP	Known motif	Monomer or homomultimer
CBP	JUN	SRR9063865	0	NONE	LPS	peripheral blood	macrophages	CBP	NA	bZIP	Known motif	Monomer or homomultimer
CBP	JUN	SRR9063866	4.5e-12	NONE	UT	peripheral blood	macrophages	CBP	NA	bZIP	Known motif	Monomer or homomultimer
CBP	JUN	SRR9063863	1.6e-174	NONE	IFNg_LPS	peripheral blood	macrophages	CBP	NA	bZIP	Known motif	Monomer or homomultimer
CBP	JUN	SRR9063864	2.3e-113	NONE	IFNg	peripheral blood	macrophages	CBP	NA	bZIP	Known motif	Monomer or homomultimer
CBP	JUN	SRR9063863	0	NONE	IFNg_LPS	peripheral blood	macrophages	CBP	NA	bZIP	Known motif	Monomer or homomultimer
CBP	JUN	SRR9063866	3.3e-10	NONE	UT	peripheral blood	macrophages	CBP	NA	bZIP	Known motif	Monomer or homomultimer
CBP	JUN	SRR9063863	0	NONE	IFNg_LPS	peripheral blood	macrophages	CBP	NA	bZIP	Known motif	Monomer or homomultimer
CBP	JUN	SRR9063866	6.4e-12	NONE	UT	peripheral blood	macrophages	CBP	NA	bZIP	Known motif	Monomer or homomultimer
CBP	JUN	SRR9063864	6e-96	NONE	IFNg	peripheral blood	macrophages	CBP	NA	bZIP	Known motif	Monomer or homomultimer
CBP	JUN	SRR9063866	6.7e-13	NONE	UT	peripheral blood	macrophages	CBP	NA	bZIP	Known motif	Monomer or homomultimer
CBP	JUN	SRR9063866	2.3e-10	NONE	UT	peripheral blood	macrophages	CBP	NA	bZIP	Known motif	Monomer or homomultimer
CBP	JUN	SRR9063865	0	NONE	LPS	peripheral blood	macrophages	CBP	NA	bZIP	Known motif	Monomer or homomultimer
CBP	JUN	SRR9063863	8.6e-207	NONE	IFNg_LPS	peripheral blood	macrophages	CBP	NA	bZIP	Known motif	Monomer or homomultimer
CBP	JUN	SRR9063865	0	NONE	LPS	peripheral blood	macrophages	CBP	NA	bZIP	Known motif	Monomer or homomultimer
CBP	JUN	SRR9063863	1.4e-184	NONE	IFNg_LPS	peripheral blood	macrophages	CBP	NA	bZIP	Known motif	Monomer or homomultimer
CBP	JUN	SRR9063865	1.4e-87	NONE	LPS	peripheral blood	macrophages	CBP	NA	bZIP	Known motif	Monomer or homomultimer
CBP	JUN	SRR9063865	3.1e-74	NONE	LPS	peripheral blood	macrophages	CBP	NA	bZIP	Known motif	Monomer or homomultimer
CBP	JUN	SRR9063866	2.8e-16	NONE	UT	peripheral blood	macrophages	CBP	NA	bZIP	Known motif	Monomer or homomultimer
CBP	JUN	SRR9063863	6.9e-164	NONE	IFNg_LPS	peripheral blood	macrophages	CBP	NA	bZIP	Known motif	Monomer or homomultimer
CBP	JUN	SRR9063863	0	NONE	IFNg_LPS	peripheral blood	macrophages	CBP	NA	bZIP	Known motif	Monomer or homomultimer
CBP	JUN	SRR9063863	0	NONE	IFNg_LPS	peripheral blood	macrophages	CBP	NA	bZIP	Known motif	Monomer or homomultimer
CBP	JUN	SRR9063863	0	NONE	IFNg_LPS	peripheral blood	macrophages	CBP	NA	bZIP	Known motif	Monomer or homomultimer
CBP	JUN	SRR9063865	4.8e-69	NONE	LPS	peripheral blood	macrophages	CBP	NA	bZIP	Known motif	Monomer or homomultimer
CBP	JUN	SRR9063865	4.4e-81	NONE	LPS	peripheral blood	macrophages	CBP	NA	bZIP	Known motif	Monomer or homomultimer
CBP	JUN	SRR9063866	9.3e-10	NONE	UT	peripheral blood	macrophages	CBP	NA	bZIP	Known motif	Monomer or homomultimer
CBP	JUN	SRR9063864	4.2e-131	NONE	IFNg	peripheral blood	macrophages	CBP	NA	bZIP	Known motif	Monomer or homomultimer
CBP	JUN	SRR9063865	0	NONE	LPS	peripheral blood	macrophages	CBP	NA	bZIP	Known motif	Monomer or homomultimer
CBP	JUN	SRR9063863	5.6e-197	NONE	IFNg_LPS	peripheral blood	macrophages	CBP	NA	bZIP	Known motif	Monomer or homomultimer
CBP	JUN	SRR9063864	1.8e-140	NONE	IFNg	peripheral blood	macrophages	CBP	NA	bZIP	Known motif	Monomer or homomultimer
CBP	JUN	SRR9063864	2.5e-124	NONE	IFNg	peripheral blood	macrophages	CBP	NA	bZIP	Known motif	Monomer or homomultimer
CBP	JUN	SRR9063864	2.4e-122	NONE	IFNg	peripheral blood	macrophages	CBP	NA	bZIP	Known motif	Monomer or homomultimer
CBP	JUN	SRR9063866	3.3e-13	NONE	UT	peripheral blood	macrophages	CBP	NA	bZIP	Known motif	Monomer or homomultimer
CBP	JUN	SRR9063865	2e-65	NONE	LPS	peripheral blood	macrophages	CBP	NA	bZIP	Known motif	Monomer or homomultimer
CBP	JUN	SRR9063863	0	NONE	IFNg_LPS	peripheral blood	macrophages	CBP	NA	bZIP	Known motif	Monomer or homomultimer
CBP	JUN	SRR9063864	9.9e-141	NONE	IFNg	peripheral blood	macrophages	CBP	NA	bZIP	Known motif	Monomer or homomultimer
CBP	JUN	SRR9063866	9e-13	NONE	UT	peripheral blood	macrophages	CBP	NA	bZIP	Known motif	Monomer or homomultimer
CBP	JUN	SRR9063866	2.3e-10	NONE	UT	peripheral blood	macrophages	CBP	NA	bZIP	Known motif	Monomer or homomultimer
CBP	JUNB	SRR9063864	3.5e-99	NONE	IFNg	peripheral blood	macrophages	CBP	NA	bZIP	Known motif	Monomer or homomultimer
CBP	JUNB	SRR9063865	0	NONE	LPS	peripheral blood	macrophages	CBP	NA	bZIP	Known motif	Monomer or homomultimer
CBP	JUNB	SRR9063866	6.4e-12	NONE	UT	peripheral blood	macrophages	CBP	NA	bZIP	Known motif	Monomer or homomultimer
CBP	JUNB	SRR9063863	0	NONE	IFNg_LPS	peripheral blood	macrophages	CBP	NA	bZIP	Known motif	Monomer or homomultimer
CBP	JUNB	SRR9063864	4.5e-124	NONE	IFNg	peripheral blood	macrophages	CBP	NA	bZIP	Known motif	Monomer or homomultimer
CBP	JUNB	SRR9063865	0	NONE	LPS	peripheral blood	macrophages	CBP	NA	bZIP	Known motif	Monomer or homomultimer
CBP	JUNB	SRR9063866	4.3e-08	NONE	UT	peripheral blood	macrophages	CBP	NA	bZIP	Known motif	Monomer or homomultimer
CBP	JUNB	SRR9063864	1.3e-155	NONE	IFNg	peripheral blood	macrophages	CBP	NA	bZIP	Known motif	Monomer or homomultimer
CBP	JUNB	SRR9063865	1.2e-54	NONE	LPS	peripheral blood	macrophages	CBP	NA	bZIP	Known motif	Monomer or homomultimer
CBP	JUNB	SRR9063864	2.1e-103	NONE	IFNg	peripheral blood	macrophages	CBP	NA	bZIP	Known motif	Monomer or homomultimer
CBP	JUNB	SRR9063864	4.7e-119	NONE	IFNg	peripheral blood	macrophages	CBP	NA	bZIP	Known motif	Monomer or homomultimer
CBP	JUNB	SRR9063863	1e-174	NONE	IFNg_LPS	peripheral blood	macrophages	CBP	NA	bZIP	Known motif	Monomer or homomultimer
CBP	JUNB	SRR9063865	0	NONE	LPS	peripheral blood	macrophages	CBP	NA	bZIP	Known motif	Monomer or homomultimer
CBP	JUNB	SRR9063863	4.2e-182	NONE	IFNg_LPS	peripheral blood	macrophages	CBP	NA	bZIP	Known motif	Monomer or homomultimer
CBP	JUNB	SRR9063866	9e-12	NONE	UT	peripheral blood	macrophages	CBP	NA	bZIP	Known motif	Monomer or homomultimer
CBP	JUNB	SRR9063866	9.8e-16	NONE	UT	peripheral blood	macrophages	CBP	NA	bZIP	Known motif	Monomer or homomultimer
CBP	JUNB	SRR9063863	6.9e-164	NONE	IFNg_LPS	peripheral blood	macrophages	CBP	NA	bZIP	Known motif	Monomer or homomultimer
CBP	JUNB	SRR9063866	3.1e-11	NONE	UT	peripheral blood	macrophages	CBP	NA	bZIP	Known motif	Monomer or homomultimer
CBP	JUNB	SRR9063863	0	NONE	IFNg_LPS	peripheral blood	macrophages	CBP	NA	bZIP	Known motif	Monomer or homomultimer
CBP	JUNB	SRR9063864	1.6e-150	NONE	IFNg	peripheral blood	macrophages	CBP	NA	bZIP	Known motif	Monomer or homomultimer
CBP	JUNB	SRR9063863	0	NONE	IFNg_LPS	peripheral blood	macrophages	CBP	NA	bZIP	Known motif	Monomer or homomultimer
CBP	JUNB	SRR9063865	0	NONE	LPS	peripheral blood	macrophages	CBP	NA	bZIP	Known motif	Monomer or homomultimer
CBP	JUNB	SRR9063865	4.7e-81	NONE	LPS	peripheral blood	macrophages	CBP	NA	bZIP	Known motif	Monomer or homomultimer
CBP	JUNB	SRR9063863	8e-190	NONE	IFNg_LPS	peripheral blood	macrophages	CBP	NA	bZIP	Known motif	Monomer or homomultimer
CBP	JUNB	SRR9063863	0	NONE	IFNg_LPS	peripheral blood	macrophages	CBP	NA	bZIP	Known motif	Monomer or homomultimer
CBP	JUNB	SRR9063864	1e-92	NONE	IFNg	peripheral blood	macrophages	CBP	NA	bZIP	Known motif	Monomer or homomultimer
CBP	JUNB	SRR9063866	1.5e-14	NONE	UT	peripheral blood	macrophages	CBP	NA	bZIP	Known motif	Monomer or homomultimer
CBP	JUNB	SRR9063866	7.7e-12	NONE	UT	peripheral blood	macrophages	CBP	NA	bZIP	Known motif	Monomer or homomultimer
CBP	JUNB	SRR9063865	0	NONE	LPS	peripheral blood	macrophages	CBP	NA	bZIP	Known motif	Monomer or homomultimer
CBP	JUNB	SRR9063864	3.1e-125	NONE	IFNg	peripheral blood	macrophages	CBP	NA	bZIP	Known motif	Monomer or homomultimer
CBP	JUNB	SRR9063866	9.1e-13	NONE	UT	peripheral blood	macrophages	CBP	NA	bZIP	Known motif	Monomer or homomultimer
CBP	JUNB	SRR9063866	3.2e-12	NONE	UT	peripheral blood	macrophages	CBP	NA	bZIP	Known motif	Monomer or homomultimer
CBP	JUNB	SRR9063864	2.9e-132	NONE	IFNg	peripheral blood	macrophages	CBP	NA	bZIP	Known motif	Monomer or homomultimer
CBP	JUNB	SRR9063866	2.3e-10	NONE	UT	peripheral blood	macrophages	CBP	NA	bZIP	Known motif	Monomer or homomultimer
CBP	JUNB	SRR9063863	0	NONE	IFNg_LPS	peripheral blood	macrophages	CBP	NA	bZIP	Known motif	Monomer or homomultimer
CBP	JUNB	SRR9063865	2e-65	NONE	LPS	peripheral blood	macrophages	CBP	NA	bZIP	Known motif	Monomer or homomultimer
CBP	JUNB	SRR9063865	0	NONE	LPS	peripheral blood	macrophages	CBP	NA	bZIP	Known motif	Monomer or homomultimer
CBP	JUNB	SRR9063865	2e-72	NONE	LPS	peripheral blood	macrophages	CBP	NA	bZIP	Known motif	Monomer or homomultimer
CBP	JUNB	SRR9063864	3.4e-180	NONE	IFNg	peripheral blood	macrophages	CBP	NA	bZIP	Known motif	Monomer or homomultimer
CBP	JUNB	SRR9063863	0	NONE	IFNg_LPS	peripheral blood	macrophages	CBP	NA	bZIP	Known motif	Monomer or homomultimer
CBP	JUND	SRR9063864	2.9e-101	NONE	IFNg	peripheral blood	macrophages	CBP	NA	bZIP	Known motif	Monomer or homomultimer
CBP	JUND	SRR9063865	2.8e-60	NONE	LPS	peripheral blood	macrophages	CBP	NA	bZIP	Known motif	Monomer or homomultimer
CBP	JUND	SRR9063863	7.1e-123	NONE	IFNg_LPS	peripheral blood	macrophages	CBP	NA	bZIP	Known motif	Monomer or homomultimer
CBP	JUND	SRR9063864	3.3e-131	NONE	IFNg	peripheral blood	macrophages	CBP	NA	bZIP	Known motif	Monomer or homomultimer
CBP	JUND	SRR9063865	0	NONE	LPS	peripheral blood	macrophages	CBP	NA	bZIP	Known motif	Monomer or homomultimer
CBP	JUND	SRR9063864	6.7e-181	NONE	IFNg	peripheral blood	macrophages	CBP	NA	bZIP	Known motif	Monomer or homomultimer
CBP	JUND	SRR9063864	1.1e-61	NONE	IFNg	peripheral blood	macrophages	CBP	NA	bZIP	Known motif	Monomer or homomultimer
CBP	JUND	SRR9063863	0	NONE	IFNg_LPS	peripheral blood	macrophages	CBP	NA	bZIP	Known motif	Monomer or homomultimer
CBP	JUND	SRR9063866	1.1e-11	NONE	UT	peripheral blood	macrophages	CBP	NA	bZIP	Known motif	Monomer or homomultimer
CBP	JUND	SRR9063866	2e-11	NONE	UT	peripheral blood	macrophages	CBP	NA	bZIP	Known motif	Monomer or homomultimer
CBP	JUND	SRR9063866	7.9e-11	NONE	UT	peripheral blood	macrophages	CBP	NA	bZIP	Known motif	Monomer or homomultimer
CBP	JUND	SRR9063866	9.9e-13	NONE	UT	peripheral blood	macrophages	CBP	NA	bZIP	Known motif	Monomer or homomultimer
CBP	JUND	SRR9063866	2.8e-18	NONE	UT	peripheral blood	macrophages	CBP	NA	bZIP	Known motif	Monomer or homomultimer
CBP	JUND	SRR9063864	4.1e-108	NONE	IFNg	peripheral blood	macrophages	CBP	NA	bZIP	Known motif	Monomer or homomultimer
CBP	JUND	SRR9063863	4.6e-167	NONE	IFNg_LPS	peripheral blood	macrophages	CBP	NA	bZIP	Known motif	Monomer or homomultimer
CBP	JUND	SRR9063865	1.3e-40	NONE	LPS	peripheral blood	macrophages	CBP	NA	bZIP	Known motif	Monomer or homomultimer
CBP	JUND	SRR9063865	0	NONE	LPS	peripheral blood	macrophages	CBP	NA	bZIP	Known motif	Monomer or homomultimer
CBP	JUND	SRR9063866	2.5e-16	NONE	UT	peripheral blood	macrophages	CBP	NA	bZIP	Known motif	Monomer or homomultimer
CBP	JUND	SRR9063864	5.9e-160	NONE	IFNg	peripheral blood	macrophages	CBP	NA	bZIP	Known motif	Monomer or homomultimer
CBP	JUND	SRR9063863	0	NONE	IFNg_LPS	peripheral blood	macrophages	CBP	NA	bZIP	Known motif	Monomer or homomultimer
CBP	JUND	SRR9063866	3.9e-05	NONE	UT	peripheral blood	macrophages	CBP	NA	bZIP	Known motif	Monomer or homomultimer
CBP	JUND	SRR9063865	0	NONE	LPS	peripheral blood	macrophages	CBP	NA	bZIP	Known motif	Monomer or homomultimer
CBP	JUND	SRR9063863	0	NONE	IFNg_LPS	peripheral blood	macrophages	CBP	NA	bZIP	Known motif	Monomer or homomultimer
CBP	JUND	SRR9063863	0	NONE	IFNg_LPS	peripheral blood	macrophages	CBP	NA	bZIP	Known motif	Monomer or homomultimer
CBP	JUND	SRR9063863	0	NONE	IFNg_LPS	peripheral blood	macrophages	CBP	NA	bZIP	Known motif	Monomer or homomultimer
CBP	JUND	SRR9063865	0	NONE	LPS	peripheral blood	macrophages	CBP	NA	bZIP	Known motif	Monomer or homomultimer
CBP	JUND	SRR9063864	6.7e-158	NONE	IFNg	peripheral blood	macrophages	CBP	NA	bZIP	Known motif	Monomer or homomultimer
CBP	JUND	SRR9063865	1.6e-185	NONE	LPS	peripheral blood	macrophages	CBP	NA	bZIP	Known motif	Monomer or homomultimer
CBP	KLF1	SRR9063863	0.0025	NONE	IFNg_LPS	peripheral blood	macrophages	CBP	NA	C2H2 ZF	Known motif	Monomer or homomultimer
CBP	KLF5	SRR9063863	0.00039	NONE	IFNg_LPS	peripheral blood	macrophages	CBP	NA	C2H2 ZF	Known motif	Monomer or homomultimer
CBP	MAF	SRR9063863	6.5e-236	NONE	IFNg_LPS	peripheral blood	macrophages	CBP	NA	bZIP	Known motif	Monomer or homomultimer
CBP	MAF	SRR9063866	3.2e-11	NONE	UT	peripheral blood	macrophages	CBP	NA	bZIP	Known motif	Monomer or homomultimer
CBP	MAF	SRR9063865	4.9e-222	NONE	LPS	peripheral blood	macrophages	CBP	NA	bZIP	Known motif	Monomer or homomultimer
CBP	MAF	SRR9063864	3.8e-111	NONE	IFNg	peripheral blood	macrophages	CBP	NA	bZIP	Known motif	Monomer or homomultimer
CBP	MAFB	SRR9063864	4.2e-45	NONE	IFNg	peripheral blood	macrophages	CBP	NA	bZIP	Known motif	Monomer or homomultimer
CBP	MAFB	SRR9063866	1.7e-09	NONE	UT	peripheral blood	macrophages	CBP	NA	bZIP	Known motif	Monomer or homomultimer
CBP	MAFB	SRR9063865	8.9e-49	NONE	LPS	peripheral blood	macrophages	CBP	NA	bZIP	Known motif	Monomer or homomultimer
CBP	MAFB	SRR9063863	2.8e-49	NONE	IFNg_LPS	peripheral blood	macrophages	CBP	NA	bZIP	Known motif	Monomer or homomultimer
CBP	MAFF	SRR9063865	1.4e-87	NONE	LPS	peripheral blood	macrophages	CBP	NA	bZIP	Known motif	Monomer or homomultimer
CBP	MAFF	SRR9063866	1.6e-08	NONE	UT	peripheral blood	macrophages	CBP	NA	bZIP	Known motif	Monomer or homomultimer
CBP	MAFF	SRR9063864	2.5e-36	NONE	IFNg	peripheral blood	macrophages	CBP	NA	bZIP	Known motif	Monomer or homomultimer
CBP	MAFF	SRR9063863	1e-60	NONE	IFNg_LPS	peripheral blood	macrophages	CBP	NA	bZIP	Known motif	Monomer or homomultimer
CBP	MAFG	SRR9063863	2.2e-194	NONE	IFNg_LPS	peripheral blood	macrophages	CBP	NA	bZIP	Known motif	Monomer or homomultimer
CBP	MAFG	SRR9063863	4.3e-18	NONE	IFNg_LPS	peripheral blood	macrophages	CBP	NA	bZIP	Known motif	Monomer or homomultimer
CBP	MAFG	SRR9063866	1.7e-07	NONE	UT	peripheral blood	macrophages	CBP	NA	bZIP	Known motif	Monomer or homomultimer
CBP	MAFG	SRR9063864	8.8e-80	NONE	IFNg	peripheral blood	macrophages	CBP	NA	bZIP	Known motif	Monomer or homomultimer
CBP	MAFG	SRR9063866	2.3e-08	NONE	UT	peripheral blood	macrophages	CBP	NA	bZIP	Known motif	Monomer or homomultimer
CBP	MAFG	SRR9063864	4.6e-25	NONE	IFNg	peripheral blood	macrophages	CBP	NA	bZIP	Known motif	Monomer or homomultimer
CBP	MAFG	SRR9063865	4.1e-26	NONE	LPS	peripheral blood	macrophages	CBP	NA	bZIP	Known motif	Monomer or homomultimer
CBP	MAFG	SRR9063865	1.4e-177	NONE	LPS	peripheral blood	macrophages	CBP	NA	bZIP	Known motif	Monomer or homomultimer
CBP	MAFK	SRR9063863	2.8e-59	NONE	IFNg_LPS	peripheral blood	macrophages	CBP	NA	bZIP	Known motif	Monomer or homomultimer
CBP	MAFK	SRR9063865	1.7e-76	NONE	LPS	peripheral blood	macrophages	CBP	NA	bZIP	Known motif	Monomer or homomultimer
CBP	MAFK	SRR9063863	1.4e-88	NONE	IFNg_LPS	peripheral blood	macrophages	CBP	NA	bZIP	Known motif	Monomer or homomultimer
CBP	MAFK	SRR9063865	6.8e-75	NONE	LPS	peripheral blood	macrophages	CBP	NA	bZIP	Known motif	Monomer or homomultimer
CBP	MAFK	SRR9063864	3.4e-48	NONE	IFNg	peripheral blood	macrophages	CBP	NA	bZIP	Known motif	Monomer or homomultimer
CBP	MAFK	SRR9063866	2.1e-07	NONE	UT	peripheral blood	macrophages	CBP	NA	bZIP	Known motif	Monomer or homomultimer
CBP	MAFK	SRR9063864	1.7e-40	NONE	IFNg	peripheral blood	macrophages	CBP	NA	bZIP	Known motif	Monomer or homomultimer
CBP	MAFK	SRR9063866	8e-09	NONE	UT	peripheral blood	macrophages	CBP	NA	bZIP	Known motif	Monomer or homomultimer
CBP	MAX	SRR9063866	0.0012	NONE	UT	peripheral blood	macrophages	CBP	NA	bHLH	Known motif	Monomer or homomultimer
CBP	MAX	SRR9063864	5.2e-07	NONE	IFNg	peripheral blood	macrophages	CBP	NA	bHLH	Known motif	Monomer or homomultimer
CBP	MAX	SRR9063863	2.8e-06	NONE	IFNg_LPS	peripheral blood	macrophages	CBP	NA	bHLH	Known motif	Monomer or homomultimer
CBP	MAX	SRR9063864	1.1e-14	NONE	IFNg	peripheral blood	macrophages	CBP	NA	bHLH	Known motif	Monomer or homomultimer
CBP	MEIS1	SRR9063864	1.5e-19	NONE	IFNg	peripheral blood	macrophages	CBP	NA	Homeodomain	Known motif	Monomer or homomultimer
CBP	MEIS1	SRR9063866	0.004	NONE	UT	peripheral blood	macrophages	CBP	NA	Homeodomain	Known motif	Monomer or homomultimer
CBP	MEIS1	SRR9063865	7.5e-17	NONE	LPS	peripheral blood	macrophages	CBP	NA	Homeodomain	Known motif	Monomer or homomultimer
CBP	MEIS1	SRR9063863	1.6e-23	NONE	IFNg_LPS	peripheral blood	macrophages	CBP	NA	Homeodomain	Known motif	Monomer or homomultimer
CBP	MEIS2	SRR9063864	0.013	NONE	IFNg	peripheral blood	macrophages	CBP	NA	Homeodomain	Known motif	Monomer or homomultimer
CBP	MEIS2	SRR9063863	0.0028	NONE	IFNg_LPS	peripheral blood	macrophages	CBP	NA	Homeodomain	Known motif	Monomer or homomultimer
CBP	MEIS3	SRR9063865	0.00047	NONE	LPS	peripheral blood	macrophages	CBP	NA	Homeodomain	Known motif	Monomer or homomultimer
CBP	MEIS3	SRR9063863	2.3e-13	NONE	IFNg_LPS	peripheral blood	macrophages	CBP	NA	Homeodomain	Known motif	Monomer or homomultimer
CBP	MEIS3	SRR9063864	1.3e-06	NONE	IFNg	peripheral blood	macrophages	CBP	NA	Homeodomain	Known motif	Monomer or homomultimer
CBP	MEOX1	SRR9063864	0.0085	NONE	IFNg	peripheral blood	macrophages	CBP	NA	Homeodomain	Known motif	Monomer or homomultimer
CBP	MEOX1	SRR9063865	3.4e-20	NONE	LPS	peripheral blood	macrophages	CBP	NA	Homeodomain	Known motif	Monomer or homomultimer
CBP	MEOX1	SRR9063863	2e-20	NONE	IFNg_LPS	peripheral blood	macrophages	CBP	NA	Homeodomain	Known motif	Monomer or homomultimer
CBP	MEOX2	SRR9063864	0.0012	NONE	IFNg	peripheral blood	macrophages	CBP	NA	Homeodomain	Known motif	Monomer or homomultimer
CBP	MEOX2	SRR9063863	8.7e-26	NONE	IFNg_LPS	peripheral blood	macrophages	CBP	NA	Homeodomain	Known motif	Monomer or homomultimer
CBP	MEOX2	SRR9063865	3.5e-27	NONE	LPS	peripheral blood	macrophages	CBP	NA	Homeodomain	Known motif	Monomer or homomultimer
CBP	MITF	SRR9063865	3.2e-18	NONE	LPS	peripheral blood	macrophages	CBP	NA	bHLH	Known motif	Monomer or homomultimer
CBP	MITF	SRR9063866	4.8e-10	NONE	UT	peripheral blood	macrophages	CBP	NA	bHLH	Known motif	Monomer or homomultimer
CBP	MITF	SRR9063863	1.4e-50	NONE	IFNg_LPS	peripheral blood	macrophages	CBP	NA	bHLH	Known motif	Monomer or homomultimer
CBP	MITF	SRR9063864	1.2e-58	NONE	IFNg	peripheral blood	macrophages	CBP	NA	bHLH	Known motif	Monomer or homomultimer
CBP	MLX	SRR9063865	2.8e-09	NONE	LPS	peripheral blood	macrophages	CBP	NA	bHLH	Known motif	Monomer or homomultimer
CBP	MLX	SRR9063864	6.8e-22	NONE	IFNg	peripheral blood	macrophages	CBP	NA	bHLH	Known motif	Monomer or homomultimer
CBP	MLX	SRR9063863	5.3e-22	NONE	IFNg_LPS	peripheral blood	macrophages	CBP	NA	bHLH	Known motif	Monomer or homomultimer
CBP	MLX	SRR9063866	2.1e-06	NONE	UT	peripheral blood	macrophages	CBP	NA	bHLH	Known motif	Monomer or homomultimer
CBP	MLXIP	SRR9063864	3.1e-12	NONE	IFNg	peripheral blood	macrophages	CBP	NA	bHLH	Inferred motif	Obligate heteromer
CBP	MLXIP	SRR9063863	2.1e-06	NONE	IFNg_LPS	peripheral blood	macrophages	CBP	NA	bHLH	Inferred motif	Obligate heteromer
CBP	MLXIP	SRR9063866	0.001	NONE	UT	peripheral blood	macrophages	CBP	NA	bHLH	Inferred motif	Obligate heteromer
CBP	MLXIPL	SRR9063864	1.5e-09	NONE	IFNg	peripheral blood	macrophages	CBP	NA	bHLH	Known motif	Monomer or homomultimer
CBP	MLXIPL	SRR9063863	9.5e-07	NONE	IFNg_LPS	peripheral blood	macrophages	CBP	NA	bHLH	Known motif	Monomer or homomultimer
CBP	MLXIPL	SRR9063866	0.016	NONE	UT	peripheral blood	macrophages	CBP	NA	bHLH	Known motif	Monomer or homomultimer
CBP	MNT	SRR9063863	0.002	NONE	IFNg_LPS	peripheral blood	macrophages	CBP	NA	bHLH	Known motif	Monomer or homomultimer
CBP	MNT	SRR9063864	4.7e-07	NONE	IFNg	peripheral blood	macrophages	CBP	NA	bHLH	Known motif	Monomer or homomultimer
CBP	MSX1	SRR9063863	0.0024	NONE	IFNg_LPS	peripheral blood	macrophages	CBP	NA	Homeodomain	Known motif	Monomer or homomultimer
CBP	MSX1	SRR9063865	0.00091	NONE	LPS	peripheral blood	macrophages	CBP	NA	Homeodomain	Known motif	Monomer or homomultimer
CBP	MYB	SRR9063865	0.00026	NONE	LPS	peripheral blood	macrophages	CBP	NA	Myb/SANT	Known motif	Monomer or homomultimer
CBP	MYB	SRR9063863	4.9e-07	NONE	IFNg_LPS	peripheral blood	macrophages	CBP	NA	Myb/SANT	Known motif	Monomer or homomultimer
CBP	MYB	SRR9063864	3.9e-08	NONE	IFNg	peripheral blood	macrophages	CBP	NA	Myb/SANT	Known motif	Monomer or homomultimer
CBP	MYC	SRR9063864	5.2e-07	NONE	IFNg	peripheral blood	macrophages	CBP	NA	bHLH	Known motif	Obligate heteromer
CBP	MYC	SRR9063866	0.0012	NONE	UT	peripheral blood	macrophages	CBP	NA	bHLH	Known motif	Obligate heteromer
CBP	MYF6	SRR9063864	1.7e-06	NONE	IFNg	peripheral blood	macrophages	CBP	NA	bHLH	Known motif	Monomer or homomultimer
CBP	MYF6	SRR9063863	0.0019	NONE	IFNg_LPS	peripheral blood	macrophages	CBP	NA	bHLH	Known motif	Monomer or homomultimer
CBP	MZF1	SRR9063863	0.0015	NONE	IFNg_LPS	peripheral blood	macrophages	CBP	NA	C2H2 ZF	Known motif	Monomer or homomultimer
CBP	MZF1	SRR9063864	1.2e-22	NONE	IFNg	peripheral blood	macrophages	CBP	NA	C2H2 ZF	Known motif	Monomer or homomultimer
CBP	MZF1	SRR9063865	1.4e-12	NONE	LPS	peripheral blood	macrophages	CBP	NA	C2H2 ZF	Known motif	Monomer or homomultimer
CBP	MZF1	SRR9063863	8.2e-31	NONE	IFNg_LPS	peripheral blood	macrophages	CBP	NA	C2H2 ZF	Known motif	Monomer or homomultimer
CBP	NEUROG1	SRR9063865	0.012	NONE	LPS	peripheral blood	macrophages	CBP	NA	bHLH	Known motif	Monomer or homomultimer
CBP	NFAT5	SRR9063863	1.4e-102	NONE	IFNg_LPS	peripheral blood	macrophages	CBP	NA	Rel	Known motif	Monomer or homomultimer
CBP	NFAT5	SRR9063865	1.5e-75	NONE	LPS	peripheral blood	macrophages	CBP	NA	Rel	Known motif	Monomer or homomultimer
CBP	NFAT5	SRR9063864	2.3e-67	NONE	IFNg	peripheral blood	macrophages	CBP	NA	Rel	Known motif	Monomer or homomultimer
CBP	NFAT5	SRR9063866	1e-08	NONE	UT	peripheral blood	macrophages	CBP	NA	Rel	Known motif	Monomer or homomultimer
CBP	NFATC1	SRR9063864	2.2e-92	NONE	IFNg	peripheral blood	macrophages	CBP	NA	Rel	Known motif	Monomer or homomultimer
CBP	NFATC1	SRR9063866	2.6e-14	NONE	UT	peripheral blood	macrophages	CBP	NA	Rel	Known motif	Monomer or homomultimer
CBP	NFATC1	SRR9063863	1.1e-111	NONE	IFNg_LPS	peripheral blood	macrophages	CBP	NA	Rel	Known motif	Monomer or homomultimer
CBP	NFATC1	SRR9063865	6.1e-79	NONE	LPS	peripheral blood	macrophages	CBP	NA	Rel	Known motif	Monomer or homomultimer
CBP	NFATC2	SRR9063864	6e-57	NONE	IFNg	peripheral blood	macrophages	CBP	NA	Rel	Known motif	Monomer or homomultimer
CBP	NFATC2	SRR9063866	2.6e-08	NONE	UT	peripheral blood	macrophages	CBP	NA	Rel	Known motif	Monomer or homomultimer
CBP	NFATC2	SRR9063865	6.1e-64	NONE	LPS	peripheral blood	macrophages	CBP	NA	Rel	Known motif	Monomer or homomultimer
CBP	NFATC2	SRR9063863	1e-72	NONE	IFNg_LPS	peripheral blood	macrophages	CBP	NA	Rel	Known motif	Monomer or homomultimer
CBP	NFATC3	SRR9063865	5.3e-82	NONE	LPS	peripheral blood	macrophages	CBP	NA	Rel	Known motif	Monomer or homomultimer
CBP	NFATC3	SRR9063864	4.7e-90	NONE	IFNg	peripheral blood	macrophages	CBP	NA	Rel	Known motif	Monomer or homomultimer
CBP	NFATC3	SRR9063863	4.9e-116	NONE	IFNg_LPS	peripheral blood	macrophages	CBP	NA	Rel	Known motif	Monomer or homomultimer
CBP	NFATC3	SRR9063866	2.8e-10	NONE	UT	peripheral blood	macrophages	CBP	NA	Rel	Known motif	Monomer or homomultimer
CBP	NFE2	SRR9063864	1.7e-81	NONE	IFNg	peripheral blood	macrophages	CBP	NA	bZIP	Known motif	Monomer or homomultimer
CBP	NFE2	SRR9063866	4.3e-08	NONE	UT	peripheral blood	macrophages	CBP	NA	bZIP	Known motif	Monomer or homomultimer
CBP	NFE2	SRR9063865	4.9e-222	NONE	LPS	peripheral blood	macrophages	CBP	NA	bZIP	Known motif	Monomer or homomultimer
CBP	NFE2	SRR9063866	3.2e-11	NONE	UT	peripheral blood	macrophages	CBP	NA	bZIP	Known motif	Monomer or homomultimer
CBP	NFE2	SRR9063864	3.8e-111	NONE	IFNg	peripheral blood	macrophages	CBP	NA	bZIP	Known motif	Monomer or homomultimer
CBP	NFE2	SRR9063865	3.9e-228	NONE	LPS	peripheral blood	macrophages	CBP	NA	bZIP	Known motif	Monomer or homomultimer
CBP	NFE2	SRR9063863	6.5e-236	NONE	IFNg_LPS	peripheral blood	macrophages	CBP	NA	bZIP	Known motif	Monomer or homomultimer
CBP	NFE2	SRR9063863	8.9e-247	NONE	IFNg_LPS	peripheral blood	macrophages	CBP	NA	bZIP	Known motif	Monomer or homomultimer
CBP	NFE2L1	SRR9063863	2.2e-194	NONE	IFNg_LPS	peripheral blood	macrophages	CBP	NA	bZIP	Known motif	Obligate heteromer
CBP	NFE2L1	SRR9063865	1.4e-177	NONE	LPS	peripheral blood	macrophages	CBP	NA	bZIP	Known motif	Obligate heteromer
CBP	NFE2L1	SRR9063864	8.8e-80	NONE	IFNg	peripheral blood	macrophages	CBP	NA	bZIP	Known motif	Obligate heteromer
CBP	NFE2L1	SRR9063866	1.7e-07	NONE	UT	peripheral blood	macrophages	CBP	NA	bZIP	Known motif	Obligate heteromer
CBP	NFE2L2	SRR9063866	3.4e-12	NONE	UT	peripheral blood	macrophages	CBP	NA	bZIP	Known motif	Obligate heteromer
CBP	NFE2L2	SRR9063865	1.1e-192	NONE	LPS	peripheral blood	macrophages	CBP	NA	bZIP	Known motif	Obligate heteromer
CBP	NFE2L2	SRR9063863	1.9e-202	NONE	IFNg_LPS	peripheral blood	macrophages	CBP	NA	bZIP	Known motif	Obligate heteromer
CBP	NFE2L2	SRR9063864	2.6e-90	NONE	IFNg	peripheral blood	macrophages	CBP	NA	bZIP	Known motif	Obligate heteromer
CBP	NFIL3	SRR9063863	8.4e-57	NONE	IFNg_LPS	peripheral blood	macrophages	CBP	NA	bZIP	Known motif	Monomer or homomultimer
CBP	NFIL3	SRR9063865	1.3e-21	NONE	LPS	peripheral blood	macrophages	CBP	NA	bZIP	Known motif	Monomer or homomultimer
CBP	NFIL3	SRR9063864	2e-33	NONE	IFNg	peripheral blood	macrophages	CBP	NA	bZIP	Known motif	Monomer or homomultimer
CBP	NFKB1	SRR9063863	3.3e-08	NONE	IFNg_LPS	peripheral blood	macrophages	CBP	NA	Rel	Known motif	Monomer or homomultimer
CBP	NFKB1	SRR9063865	6e-08	NONE	LPS	peripheral blood	macrophages	CBP	NA	Rel	Known motif	Monomer or homomultimer
CBP	NFKB2	SRR9063865	1.2e-25	NONE	LPS	peripheral blood	macrophages	CBP	NA	Rel	Known motif	Monomer or homomultimer
CBP	NFKB2	SRR9063863	3.4e-31	NONE	IFNg_LPS	peripheral blood	macrophages	CBP	NA	Rel	Known motif	Monomer or homomultimer
CBP	NKX2-3	SRR9063863	0.0086	NONE	IFNg_LPS	peripheral blood	macrophages	CBP	NA	Homeodomain	Known motif	Monomer or homomultimer
CBP	NKX2-3	SRR9063864	0.00021	NONE	IFNg	peripheral blood	macrophages	CBP	NA	Homeodomain	Known motif	Monomer or homomultimer
CBP	NKX3-1	SRR9063864	2.2e-06	NONE	IFNg	peripheral blood	macrophages	CBP	NA	Homeodomain	Known motif	Monomer or homomultimer
CBP	NKX3-1	SRR9063866	0.0065	NONE	UT	peripheral blood	macrophages	CBP	NA	Homeodomain	Known motif	Monomer or homomultimer
CBP	NKX3-1	SRR9063863	6.6e-05	NONE	IFNg_LPS	peripheral blood	macrophages	CBP	NA	Homeodomain	Known motif	Monomer or homomultimer
CBP	NKX3-2	SRR9063864	0.00025	NONE	IFNg	peripheral blood	macrophages	CBP	NA	Homeodomain	Known motif	Monomer or homomultimer
CBP	NKX3-2	SRR9063866	0.0029	NONE	UT	peripheral blood	macrophages	CBP	NA	Homeodomain	Known motif	Monomer or homomultimer
CBP	NKX3-2	SRR9063863	0.00037	NONE	IFNg_LPS	peripheral blood	macrophages	CBP	NA	Homeodomain	Known motif	Monomer or homomultimer
CBP	NKX6-2	SRR9063865	0.0049	NONE	LPS	peripheral blood	macrophages	CBP	NA	Homeodomain	Known motif	Monomer or homomultimer
CBP	NPAS2	SRR9063866	0.008	NONE	UT	peripheral blood	macrophages	CBP	NA	bHLH	Known motif	Monomer or homomultimer
CBP	NPAS2	SRR9063864	1.7e-10	NONE	IFNg	peripheral blood	macrophages	CBP	NA	bHLH	Known motif	Monomer or homomultimer
CBP	NPAS2	SRR9063863	1.1e-09	NONE	IFNg_LPS	peripheral blood	macrophages	CBP	NA	bHLH	Known motif	Monomer or homomultimer
CBP	NR1H4	SRR9063863	3.8e-12	NONE	IFNg_LPS	peripheral blood	macrophages	CBP	NA	Nuclear receptor	Known motif	Monomer or homomultimer
CBP	NR1H4	SRR9063865	7e-09	NONE	LPS	peripheral blood	macrophages	CBP	NA	Nuclear receptor	Known motif	Monomer or homomultimer
CBP	NR2E1	SRR9063863	3e-50	NONE	IFNg_LPS	peripheral blood	macrophages	CBP	NA	Nuclear receptor	Known motif	Monomer or homomultimer
CBP	NR2E1	SRR9063864	6.5e-20	NONE	IFNg	peripheral blood	macrophages	CBP	NA	Nuclear receptor	Known motif	Monomer or homomultimer
CBP	NR2E1	SRR9063865	1.5e-37	NONE	LPS	peripheral blood	macrophages	CBP	NA	Nuclear receptor	Known motif	Monomer or homomultimer
CBP	NR4A1	SRR9063863	0.0017	NONE	IFNg_LPS	peripheral blood	macrophages	CBP	NA	Nuclear receptor	Known motif	Monomer or homomultimer
CBP	NRL	SRR9063866	3.6e-11	NONE	UT	peripheral blood	macrophages	CBP	NA	bZIP	Known motif	Monomer or homomultimer
CBP	NRL	SRR9063864	5.8e-36	NONE	IFNg	peripheral blood	macrophages	CBP	NA	bZIP	Known motif	Monomer or homomultimer
CBP	NRL	SRR9063863	1.7e-34	NONE	IFNg_LPS	peripheral blood	macrophages	CBP	NA	bZIP	Known motif	Monomer or homomultimer
CBP	NRL	SRR9063865	1.3e-29	NONE	LPS	peripheral blood	macrophages	CBP	NA	bZIP	Known motif	Monomer or homomultimer
CBP	PAX2	SRR9063865	5.5e-93	NONE	LPS	peripheral blood	macrophages	CBP	NA	Homeodomain; Paired box	Known motif	Monomer or homomultimer
CBP	PAX2	SRR9063866	2e-08	NONE	UT	peripheral blood	macrophages	CBP	NA	Homeodomain; Paired box	Known motif	Monomer or homomultimer
CBP	PAX2	SRR9063863	5.3e-135	NONE	IFNg_LPS	peripheral blood	macrophages	CBP	NA	Homeodomain; Paired box	Known motif	Monomer or homomultimer
CBP	PAX2	SRR9063864	1.4e-64	NONE	IFNg	peripheral blood	macrophages	CBP	NA	Homeodomain; Paired box	Known motif	Monomer or homomultimer
CBP	PAX6	SRR9063863	2.2e-13	NONE	IFNg_LPS	peripheral blood	macrophages	CBP	NA	Homeodomain; Paired box	Known motif	Monomer or homomultimer
CBP	PAX6	SRR9063864	2.6e-07	NONE	IFNg	peripheral blood	macrophages	CBP	NA	Homeodomain; Paired box	Known motif	Monomer or homomultimer
CBP	PAX6	SRR9063865	5.8e-07	NONE	LPS	peripheral blood	macrophages	CBP	NA	Homeodomain; Paired box	Known motif	Monomer or homomultimer
CBP	PAX9	SRR9063865	0.009	NONE	LPS	peripheral blood	macrophages	CBP	NA	Paired box	Known motif	Monomer or homomultimer
CBP	PBX2	SRR9063863	2.2e-10	NONE	IFNg_LPS	peripheral blood	macrophages	CBP	NA	Homeodomain	Known motif	Monomer or homomultimer
CBP	PBX2	SRR9063865	5.8e-06	NONE	LPS	peripheral blood	macrophages	CBP	NA	Homeodomain	Known motif	Monomer or homomultimer
CBP	PBX3	SRR9063863	1.4e-09	NONE	IFNg_LPS	peripheral blood	macrophages	CBP	NA	Homeodomain	Known motif	Monomer or homomultimer
CBP	PBX3	SRR9063865	4.6e-07	NONE	LPS	peripheral blood	macrophages	CBP	NA	Homeodomain	Known motif	Monomer or homomultimer
CBP	POU1F1	SRR9063865	0.012	NONE	LPS	peripheral blood	macrophages	CBP	NA	Homeodomain; POU	Known motif	Monomer or homomultimer
CBP	POU2F1	SRR9063865	1.1e-06	NONE	LPS	peripheral blood	macrophages	CBP	NA	Homeodomain; POU	Known motif	Monomer or homomultimer
CBP	POU3F1	SRR9063865	0.0043	NONE	LPS	peripheral blood	macrophages	CBP	NA	Homeodomain; POU	Known motif	Monomer or homomultimer
CBP	POU3F2	SRR9063865	0.00011	NONE	LPS	peripheral blood	macrophages	CBP	NA	Homeodomain; POU	Known motif	Monomer or homomultimer
CBP	POU5F1	SRR9063865	0.0026	NONE	LPS	peripheral blood	macrophages	CBP	NA	Homeodomain; POU	Known motif	Monomer or homomultimer
CBP	POU5F1	SRR9063863	1.1e-07	NONE	IFNg_LPS	peripheral blood	macrophages	CBP	NA	Homeodomain; POU	Known motif	Monomer or homomultimer
CBP	POU5F1	SRR9063863	0.014	NONE	IFNg_LPS	peripheral blood	macrophages	CBP	NA	Homeodomain; POU	Known motif	Monomer or homomultimer
CBP	POU5F1	SRR9063865	2.3e-09	NONE	LPS	peripheral blood	macrophages	CBP	NA	Homeodomain; POU	Known motif	Monomer or homomultimer
CBP	POU5F1B	SRR9063865	0.0026	NONE	LPS	peripheral blood	macrophages	CBP	NA	Homeodomain; POU	Known motif	Monomer or homomultimer
CBP	POU5F1B	SRR9063865	2.7e-05	NONE	LPS	peripheral blood	macrophages	CBP	NA	Homeodomain; POU	Known motif	Monomer or homomultimer
CBP	POU5F1B	SRR9063863	0.014	NONE	IFNg_LPS	peripheral blood	macrophages	CBP	NA	Homeodomain; POU	Known motif	Monomer or homomultimer
CBP	POU6F2	SRR9063865	0.016	NONE	LPS	peripheral blood	macrophages	CBP	NA	Homeodomain; POU	Known motif	Monomer or homomultimer
CBP	PRDM1	SRR9063865	6.6e-41	NONE	LPS	peripheral blood	macrophages	CBP	NA	C2H2 ZF	Known motif	Monomer or homomultimer
CBP	PRDM1	SRR9063863	5.6e-165	NONE	IFNg_LPS	peripheral blood	macrophages	CBP	NA	C2H2 ZF	Known motif	Monomer or homomultimer
CBP	PRDM1	SRR9063864	3e-124	NONE	IFNg	peripheral blood	macrophages	CBP	NA	C2H2 ZF	Known motif	Monomer or homomultimer
CBP	PRDM1	SRR9063866	1.2e-08	NONE	UT	peripheral blood	macrophages	CBP	NA	C2H2 ZF	Known motif	Monomer or homomultimer
CBP	RBPJ	SRR9063865	2e-14	NONE	LPS	peripheral blood	macrophages	CBP	NA	CSL	Known motif	Monomer or homomultimer
CBP	RBPJ	SRR9063864	1.2e-08	NONE	IFNg	peripheral blood	macrophages	CBP	NA	CSL	Known motif	Monomer or homomultimer
CBP	RBPJ	SRR9063863	1.2e-18	NONE	IFNg_LPS	peripheral blood	macrophages	CBP	NA	CSL	Known motif	Monomer or homomultimer
CBP	REL	SRR9063863	3.6e-80	NONE	IFNg_LPS	peripheral blood	macrophages	CBP	NA	Rel	Known motif	Monomer or homomultimer
CBP	REL	SRR9063865	1.5e-73	NONE	LPS	peripheral blood	macrophages	CBP	NA	Rel	Known motif	Monomer or homomultimer
CBP	REL	SRR9063864	8e-25	NONE	IFNg	peripheral blood	macrophages	CBP	NA	Rel	Known motif	Monomer or homomultimer
CBP	RELA	SRR9063864	1.2e-46	NONE	IFNg	peripheral blood	macrophages	CBP	NA	Rel	Known motif	Monomer or homomultimer
CBP	RELA	SRR9063865	7.1e-102	NONE	LPS	peripheral blood	macrophages	CBP	NA	Rel	Known motif	Monomer or homomultimer
CBP	RELA	SRR9063863	4e-150	NONE	IFNg_LPS	peripheral blood	macrophages	CBP	NA	Rel	Known motif	Monomer or homomultimer
CBP	RELB	SRR9063864	9.5e-29	NONE	IFNg	peripheral blood	macrophages	CBP	NA	Rel	Known motif	Obligate heteromer
CBP	RELB	SRR9063865	1.8e-45	NONE	LPS	peripheral blood	macrophages	CBP	NA	Rel	Known motif	Obligate heteromer
CBP	RELB	SRR9063866	0.00076	NONE	UT	peripheral blood	macrophages	CBP	NA	Rel	Known motif	Obligate heteromer
CBP	RELB	SRR9063863	3.3e-94	NONE	IFNg_LPS	peripheral blood	macrophages	CBP	NA	Rel	Known motif	Obligate heteromer
CBP	RUNX1	SRR9063864	4.1e-37	NONE	IFNg	peripheral blood	macrophages	CBP	NA	Runt	Known motif	Monomer or homomultimer
CBP	RUNX1	SRR9063865	3.1e-12	NONE	LPS	peripheral blood	macrophages	CBP	NA	Runt	Known motif	Monomer or homomultimer
CBP	RUNX1	SRR9063866	1e-05	NONE	UT	peripheral blood	macrophages	CBP	NA	Runt	Known motif	Monomer or homomultimer
CBP	RUNX1	SRR9063863	3.6e-35	NONE	IFNg_LPS	peripheral blood	macrophages	CBP	NA	Runt	Known motif	Monomer or homomultimer
CBP	RUNX2	SRR9063863	1.3e-64	NONE	IFNg_LPS	peripheral blood	macrophages	CBP	NA	Runt	Known motif	Monomer or homomultimer
CBP	RUNX2	SRR9063865	4.8e-22	NONE	LPS	peripheral blood	macrophages	CBP	NA	Runt	Known motif	Monomer or homomultimer
CBP	RUNX2	SRR9063864	1.5e-58	NONE	IFNg	peripheral blood	macrophages	CBP	NA	Runt	Known motif	Monomer or homomultimer
CBP	RUNX2	SRR9063866	8.6e-11	NONE	UT	peripheral blood	macrophages	CBP	NA	Runt	Known motif	Monomer or homomultimer
CBP	RUNX3	SRR9063865	4.8e-25	NONE	LPS	peripheral blood	macrophages	CBP	NA	Runt	Known motif	Monomer or homomultimer
CBP	RUNX3	SRR9063863	1.5e-81	NONE	IFNg_LPS	peripheral blood	macrophages	CBP	NA	Runt	Known motif	Monomer or homomultimer
CBP	RUNX3	SRR9063864	2.9e-69	NONE	IFNg	peripheral blood	macrophages	CBP	NA	Runt	Known motif	Monomer or homomultimer
CBP	RUNX3	SRR9063866	9e-12	NONE	UT	peripheral blood	macrophages	CBP	NA	Runt	Known motif	Monomer or homomultimer
CBP	SIX1	SRR9063863	9.6e-12	NONE	IFNg_LPS	peripheral blood	macrophages	CBP	NA	Homeodomain	Known motif	Monomer or homomultimer
CBP	SIX1	SRR9063864	4e-09	NONE	IFNg	peripheral blood	macrophages	CBP	NA	Homeodomain	Known motif	Monomer or homomultimer
CBP	SIX2	SRR9063864	7.8e-18	NONE	IFNg	peripheral blood	macrophages	CBP	NA	Homeodomain	Known motif	Monomer or homomultimer
CBP	SIX2	SRR9063863	1.1e-22	NONE	IFNg_LPS	peripheral blood	macrophages	CBP	NA	Homeodomain	Known motif	Monomer or homomultimer
CBP	SIX2	SRR9063865	5.5e-05	NONE	LPS	peripheral blood	macrophages	CBP	NA	Homeodomain	Known motif	Monomer or homomultimer
CBP	SOX17	SRR9063863	2.5e-06	NONE	IFNg_LPS	peripheral blood	macrophages	CBP	NA	HMG/Sox	Known motif	Monomer or homomultimer
CBP	SOX2	SRR9063863	0.014	NONE	IFNg_LPS	peripheral blood	macrophages	CBP	NA	HMG/Sox	Known motif	Monomer or homomultimer
CBP	SOX2	SRR9063865	0.0026	NONE	LPS	peripheral blood	macrophages	CBP	NA	HMG/Sox	Known motif	Monomer or homomultimer
CBP	SOX3	SRR9063863	1.4e-07	NONE	IFNg_LPS	peripheral blood	macrophages	CBP	NA	HMG/Sox	Known motif	Monomer or homomultimer
CBP	SOX3	SRR9063864	3.6e-06	NONE	IFNg	peripheral blood	macrophages	CBP	NA	HMG/Sox	Known motif	Monomer or homomultimer
CBP	SPDEF	SRR9063865	4.3e-37	NONE	LPS	peripheral blood	macrophages	CBP	NA	Ets	Known motif	Monomer or homomultimer
CBP	SPDEF	SRR9063864	3.8e-102	NONE	IFNg	peripheral blood	macrophages	CBP	NA	Ets	Known motif	Monomer or homomultimer
CBP	SPDEF	SRR9063863	4.5e-71	NONE	IFNg_LPS	peripheral blood	macrophages	CBP	NA	Ets	Known motif	Monomer or homomultimer
CBP	SPDEF	SRR9063866	6.8e-10	NONE	UT	peripheral blood	macrophages	CBP	NA	Ets	Known motif	Monomer or homomultimer
CBP	SPI1	SRR9063866	4.9e-70	NONE	UT	peripheral blood	macrophages	CBP	NA	Ets	Known motif	Monomer or homomultimer
CBP	SPI1	SRR9063863	0	NONE	IFNg_LPS	peripheral blood	macrophages	CBP	NA	Ets	Known motif	Monomer or homomultimer
CBP	SPI1	SRR9063865	1.6e-246	NONE	LPS	peripheral blood	macrophages	CBP	NA	Ets	Known motif	Monomer or homomultimer
CBP	SPI1	SRR9063864	0	NONE	IFNg	peripheral blood	macrophages	CBP	NA	Ets	Known motif	Monomer or homomultimer
CBP	SPIB	SRR9063866	1.9e-46	NONE	UT	peripheral blood	macrophages	CBP	NA	Ets	Known motif	Monomer or homomultimer
CBP	SPIB	SRR9063863	0	NONE	IFNg_LPS	peripheral blood	macrophages	CBP	NA	Ets	Known motif	Monomer or homomultimer
CBP	SPIB	SRR9063865	1.6e-221	NONE	LPS	peripheral blood	macrophages	CBP	NA	Ets	Known motif	Monomer or homomultimer
CBP	SPIB	SRR9063864	0	NONE	IFNg	peripheral blood	macrophages	CBP	NA	Ets	Known motif	Monomer or homomultimer
CBP	SPIC	SRR9063865	4e-183	NONE	LPS	peripheral blood	macrophages	CBP	NA	Ets	Known motif	Monomer or homomultimer
CBP	SPIC	SRR9063863	0	NONE	IFNg_LPS	peripheral blood	macrophages	CBP	NA	Ets	Known motif	Monomer or homomultimer
CBP	SPIC	SRR9063864	0	NONE	IFNg	peripheral blood	macrophages	CBP	NA	Ets	Known motif	Monomer or homomultimer
CBP	SPIC	SRR9063866	2.2e-43	NONE	UT	peripheral blood	macrophages	CBP	NA	Ets	Known motif	Monomer or homomultimer
CBP	SREBF1	SRR9063866	0.0031	NONE	UT	peripheral blood	macrophages	CBP	NA	bHLH	Known motif	Monomer or homomultimer
CBP	SREBF1	SRR9063864	2.3e-15	NONE	IFNg	peripheral blood	macrophages	CBP	NA	bHLH	Known motif	Monomer or homomultimer
CBP	SREBF1	SRR9063863	6e-07	NONE	IFNg_LPS	peripheral blood	macrophages	CBP	NA	bHLH	Known motif	Monomer or homomultimer
CBP	SREBF2	SRR9063864	2e-15	NONE	IFNg	peripheral blood	macrophages	CBP	NA	bHLH	Known motif	Monomer or homomultimer
CBP	SREBF2	SRR9063863	1.5e-09	NONE	IFNg_LPS	peripheral blood	macrophages	CBP	NA	bHLH	Known motif	Monomer or homomultimer
CBP	SREBF2	SRR9063866	0.012	NONE	UT	peripheral blood	macrophages	CBP	NA	bHLH	Known motif	Monomer or homomultimer
CBP	STAT1	SRR9063865	2e-34	NONE	LPS	peripheral blood	macrophages	CBP	NA	STAT	Known motif	Monomer or homomultimer
CBP	STAT1	SRR9063863	0	NONE	IFNg_LPS	peripheral blood	macrophages	CBP	NA	STAT	Known motif	Monomer or homomultimer
CBP	STAT1	SRR9063866	0.014	NONE	UT	peripheral blood	macrophages	CBP	NA	STAT	Known motif	Monomer or homomultimer
CBP	STAT1	SRR9063863	2.3e-14	NONE	IFNg_LPS	peripheral blood	macrophages	CBP	NA	STAT	Known motif	Monomer or homomultimer
CBP	STAT1	SRR9063865	6e-135	NONE	LPS	peripheral blood	macrophages	CBP	NA	STAT	Known motif	Monomer or homomultimer
CBP	STAT1	SRR9063866	3.6e-26	NONE	UT	peripheral blood	macrophages	CBP	NA	STAT	Known motif	Monomer or homomultimer
CBP	STAT1	SRR9063864	0	NONE	IFNg	peripheral blood	macrophages	CBP	NA	STAT	Known motif	Monomer or homomultimer
CBP	STAT1	SRR9063864	2e-24	NONE	IFNg	peripheral blood	macrophages	CBP	NA	STAT	Known motif	Monomer or homomultimer
CBP	STAT2	SRR9063866	3.6e-26	NONE	UT	peripheral blood	macrophages	CBP	NA	STAT	Known motif	Monomer or homomultimer
CBP	STAT2	SRR9063865	6e-135	NONE	LPS	peripheral blood	macrophages	CBP	NA	STAT	Known motif	Monomer or homomultimer
CBP	STAT2	SRR9063864	0	NONE	IFNg	peripheral blood	macrophages	CBP	NA	STAT	Known motif	Monomer or homomultimer
CBP	STAT2	SRR9063863	0	NONE	IFNg_LPS	peripheral blood	macrophages	CBP	NA	STAT	Known motif	Monomer or homomultimer
CBP	STAT3	SRR9063864	1.4e-21	NONE	IFNg	peripheral blood	macrophages	CBP	NA	STAT	Known motif	Monomer or homomultimer
CBP	STAT3	SRR9063863	1.4e-15	NONE	IFNg_LPS	peripheral blood	macrophages	CBP	NA	STAT	Known motif	Monomer or homomultimer
CBP	STAT3	SRR9063865	5.2e-45	NONE	LPS	peripheral blood	macrophages	CBP	NA	STAT	Known motif	Monomer or homomultimer
CBP	STAT4	SRR9063865	6.2e-37	NONE	LPS	peripheral blood	macrophages	CBP	NA	STAT	Known motif	Monomer or homomultimer
CBP	STAT4	SRR9063866	4.8e-05	NONE	UT	peripheral blood	macrophages	CBP	NA	STAT	Known motif	Monomer or homomultimer
CBP	STAT4	SRR9063863	2.8e-27	NONE	IFNg_LPS	peripheral blood	macrophages	CBP	NA	STAT	Known motif	Monomer or homomultimer
CBP	STAT4	SRR9063864	1.8e-52	NONE	IFNg	peripheral blood	macrophages	CBP	NA	STAT	Known motif	Monomer or homomultimer
CBP	STAT5A	SRR9063864	1.9e-08	NONE	IFNg	peripheral blood	macrophages	CBP	NA	STAT	Known motif	Monomer or homomultimer
CBP	STAT5A	SRR9063865	8.6e-16	NONE	LPS	peripheral blood	macrophages	CBP	NA	STAT	Known motif	Monomer or homomultimer
CBP	STAT5A	SRR9063863	9.2e-07	NONE	IFNg_LPS	peripheral blood	macrophages	CBP	NA	STAT	Known motif	Monomer or homomultimer
CBP	STAT5B	SRR9063864	1.9e-08	NONE	IFNg	peripheral blood	macrophages	CBP	NA	STAT	Known motif	Monomer or homomultimer
CBP	STAT5B	SRR9063865	8.6e-16	NONE	LPS	peripheral blood	macrophages	CBP	NA	STAT	Known motif	Monomer or homomultimer
CBP	STAT5B	SRR9063863	9.2e-07	NONE	IFNg_LPS	peripheral blood	macrophages	CBP	NA	STAT	Known motif	Monomer or homomultimer
CBP	STAT6	SRR9063866	0.0036	NONE	UT	peripheral blood	macrophages	CBP	NA	STAT	Known motif	Monomer or homomultimer
CBP	STAT6	SRR9063865	4.8e-33	NONE	LPS	peripheral blood	macrophages	CBP	NA	STAT	Known motif	Monomer or homomultimer
CBP	STAT6	SRR9063864	2.9e-35	NONE	IFNg	peripheral blood	macrophages	CBP	NA	STAT	Known motif	Monomer or homomultimer
CBP	STAT6	SRR9063863	7.5e-35	NONE	IFNg_LPS	peripheral blood	macrophages	CBP	NA	STAT	Known motif	Monomer or homomultimer
CBP	TBX19	SRR9063864	0.0028	NONE	IFNg	peripheral blood	macrophages	CBP	NA	T-box	Known motif	Monomer or homomultimer
CBP	TBX19	SRR9063863	0.00011	NONE	IFNg_LPS	peripheral blood	macrophages	CBP	NA	T-box	Known motif	Monomer or homomultimer
CBP	TCF21	SRR9063864	0.00046	NONE	IFNg	peripheral blood	macrophages	CBP	NA	bHLH	Known motif	Monomer or homomultimer
CBP	TCF7L2	SRR9063864	4e-04	NONE	IFNg	peripheral blood	macrophages	CBP	NA	HMG/Sox	Known motif	Monomer or homomultimer
CBP	TCF7L2	SRR9063865	0.003	NONE	LPS	peripheral blood	macrophages	CBP	NA	HMG/Sox	Known motif	Monomer or homomultimer
CBP	TCF7L2	SRR9063863	2e-07	NONE	IFNg_LPS	peripheral blood	macrophages	CBP	NA	HMG/Sox	Known motif	Monomer or homomultimer
CBP	TCFL5	SRR9063864	4.7e-07	NONE	IFNg	peripheral blood	macrophages	CBP	NA	bHLH	Known motif	Monomer or homomultimer
CBP	TEAD1	SRR9063863	0.0046	NONE	IFNg_LPS	peripheral blood	macrophages	CBP	NA	TEA	Known motif	Monomer or homomultimer
CBP	TEAD1	SRR9063865	0.017	NONE	LPS	peripheral blood	macrophages	CBP	NA	TEA	Known motif	Monomer or homomultimer
CBP	TEAD4	SRR9063865	0.00014	NONE	LPS	peripheral blood	macrophages	CBP	NA	TEA	Known motif	Monomer or homomultimer
CBP	TEF	SRR9063863	5.6e-127	NONE	IFNg_LPS	peripheral blood	macrophages	CBP	NA	bZIP	Known motif	Monomer or homomultimer
CBP	TEF	SRR9063864	1.1e-92	NONE	IFNg	peripheral blood	macrophages	CBP	NA	bZIP	Known motif	Monomer or homomultimer
CBP	TEF	SRR9063865	2.6e-45	NONE	LPS	peripheral blood	macrophages	CBP	NA	bZIP	Known motif	Monomer or homomultimer
CBP	TFCP2	SRR9063866	0.012	NONE	UT	peripheral blood	macrophages	CBP	NA	Grainyhead	Known motif	Monomer or homomultimer
CBP	TFCP2	SRR9063863	5.9e-11	NONE	IFNg_LPS	peripheral blood	macrophages	CBP	NA	Grainyhead	Known motif	Monomer or homomultimer
CBP	TFCP2	SRR9063864	4e-21	NONE	IFNg	peripheral blood	macrophages	CBP	NA	Grainyhead	Known motif	Monomer or homomultimer
CBP	TFE3	SRR9063865	1.7e-24	NONE	LPS	peripheral blood	macrophages	CBP	NA	bHLH	Known motif	Monomer or homomultimer
CBP	TFE3	SRR9063863	4.2e-71	NONE	IFNg_LPS	peripheral blood	macrophages	CBP	NA	bHLH	Known motif	Monomer or homomultimer
CBP	TFE3	SRR9063864	6.4e-65	NONE	IFNg	peripheral blood	macrophages	CBP	NA	bHLH	Known motif	Monomer or homomultimer
CBP	TFE3	SRR9063866	3.6e-11	NONE	UT	peripheral blood	macrophages	CBP	NA	bHLH	Known motif	Monomer or homomultimer
CBP	TFEB	SRR9063865	5.1e-09	NONE	LPS	peripheral blood	macrophages	CBP	NA	bHLH	Known motif	Monomer or homomultimer
CBP	TFEB	SRR9063863	3.1e-41	NONE	IFNg_LPS	peripheral blood	macrophages	CBP	NA	bHLH	Known motif	Monomer or homomultimer
CBP	TFEB	SRR9063866	2.1e-07	NONE	UT	peripheral blood	macrophages	CBP	NA	bHLH	Known motif	Monomer or homomultimer
CBP	TFEB	SRR9063864	9.9e-49	NONE	IFNg	peripheral blood	macrophages	CBP	NA	bHLH	Known motif	Monomer or homomultimer
CBP	TFEC	SRR9063866	0.00073	NONE	UT	peripheral blood	macrophages	CBP	NA	bHLH	Known motif	Monomer or homomultimer
CBP	TFEC	SRR9063863	2e-23	NONE	IFNg_LPS	peripheral blood	macrophages	CBP	NA	bHLH	Known motif	Monomer or homomultimer
CBP	TFEC	SRR9063865	7.7e-08	NONE	LPS	peripheral blood	macrophages	CBP	NA	bHLH	Known motif	Monomer or homomultimer
CBP	TFEC	SRR9063864	2.6e-24	NONE	IFNg	peripheral blood	macrophages	CBP	NA	bHLH	Known motif	Monomer or homomultimer
CBP	TWIST2	SRR9063864	2.2e-31	NONE	IFNg	peripheral blood	macrophages	CBP	NA	bHLH	Known motif	Monomer or homomultimer
CBP	TWIST2	SRR9063866	0.0088	NONE	UT	peripheral blood	macrophages	CBP	NA	bHLH	Known motif	Monomer or homomultimer
CBP	TWIST2	SRR9063863	2.9e-22	NONE	IFNg_LPS	peripheral blood	macrophages	CBP	NA	bHLH	Known motif	Monomer or homomultimer
CBP	TWIST2	SRR9063865	5.7e-10	NONE	LPS	peripheral blood	macrophages	CBP	NA	bHLH	Known motif	Monomer or homomultimer
CBP	USF1	SRR9063864	4.8e-33	NONE	IFNg	peripheral blood	macrophages	CBP	NA	bHLH	Known motif	Monomer or homomultimer
CBP	USF1	SRR9063865	2.6e-05	NONE	LPS	peripheral blood	macrophages	CBP	NA	bHLH	Known motif	Monomer or homomultimer
CBP	USF1	SRR9063863	8e-26	NONE	IFNg_LPS	peripheral blood	macrophages	CBP	NA	bHLH	Known motif	Monomer or homomultimer
CBP	USF2	SRR9063865	3.8e-06	NONE	LPS	peripheral blood	macrophages	CBP	NA	bHLH	Known motif	Monomer or homomultimer
CBP	USF2	SRR9063863	4e-27	NONE	IFNg_LPS	peripheral blood	macrophages	CBP	NA	bHLH	Known motif	Monomer or homomultimer
CBP	USF2	SRR9063864	3.4e-41	NONE	IFNg	peripheral blood	macrophages	CBP	NA	bHLH	Known motif	Monomer or homomultimer
CBP	USF2	SRR9063866	5.3e-06	NONE	UT	peripheral blood	macrophages	CBP	NA	bHLH	Known motif	Monomer or homomultimer
CBP	VAX1	SRR9063865	1.3e-05	NONE	LPS	peripheral blood	macrophages	CBP	NA	Homeodomain	Known motif	Monomer or homomultimer
CBP	VAX2	SRR9063865	3e-12	NONE	LPS	peripheral blood	macrophages	CBP	NA	Homeodomain	Known motif	Monomer or homomultimer
CBP	VAX2	SRR9063863	8.7e-08	NONE	IFNg_LPS	peripheral blood	macrophages	CBP	NA	Homeodomain	Known motif	Monomer or homomultimer
CBP	XBP1	SRR9063863	3.8e-30	NONE	IFNg_LPS	peripheral blood	macrophages	CBP	NA	bZIP	Known motif	Monomer or homomultimer
CBP	XBP1	SRR9063864	4e-20	NONE	IFNg	peripheral blood	macrophages	CBP	NA	bZIP	Known motif	Monomer or homomultimer
CBP	XBP1	SRR9063865	1.3e-18	NONE	LPS	peripheral blood	macrophages	CBP	NA	bZIP	Known motif	Monomer or homomultimer
CBP	XBP1	SRR9063866	2.7e-09	NONE	UT	peripheral blood	macrophages	CBP	NA	bZIP	Known motif	Monomer or homomultimer
CBP	ZBTB33	SRR9063864	6e-04	NONE	IFNg	peripheral blood	macrophages	CBP	NA	C2H2 ZF	Known motif	Monomer or homomultimer
CBP	ZBTB33	SRR9063863	6.8e-05	NONE	IFNg_LPS	peripheral blood	macrophages	CBP	NA	C2H2 ZF	Known motif	Monomer or homomultimer
CBP	ZBTB7A	SRR9063863	7.7e-233	NONE	IFNg_LPS	peripheral blood	macrophages	CBP	NA	C2H2 ZF	Known motif	Monomer or homomultimer
CBP	ZBTB7A	SRR9063864	0	NONE	IFNg	peripheral blood	macrophages	CBP	NA	C2H2 ZF	Known motif	Monomer or homomultimer
CBP	ZBTB7A	SRR9063866	7.9e-36	NONE	UT	peripheral blood	macrophages	CBP	NA	C2H2 ZF	Known motif	Monomer or homomultimer
CBP	ZBTB7A	SRR9063865	8.8e-81	NONE	LPS	peripheral blood	macrophages	CBP	NA	C2H2 ZF	Known motif	Monomer or homomultimer
CBP	ZNF24	SRR9063865	0.0065	NONE	LPS	peripheral blood	macrophages	CBP	NA	C2H2 ZF	Likely to be sequence specific TF	Monomer or homomultimer
CBP	ZNF263	SRR9063866	0.013	NONE	UT	peripheral blood	macrophages	CBP	NA	C2H2 ZF	Known motif	Monomer or homomultimer
CBP	ZNF263	SRR9063863	1.6e-22	NONE	IFNg_LPS	peripheral blood	macrophages	CBP	NA	C2H2 ZF	Known motif	Monomer or homomultimer
CBP	ZNF263	SRR9063864	9.4e-34	NONE	IFNg	peripheral blood	macrophages	CBP	NA	C2H2 ZF	Known motif	Monomer or homomultimer
CBP	ZNF282	SRR9063863	0.00022	NONE	IFNg_LPS	peripheral blood	macrophages	CBP	NA	C2H2 ZF	Known motif	Monomer or homomultimer
CBP	ZNF282	SRR9063864	0.0049	NONE	IFNg	peripheral blood	macrophages	CBP	NA	C2H2 ZF	Known motif	Monomer or homomultimer
